<?xml version="1.0" encoding="UTF-8"?>
<library>
	<category title="Abstract" folder="abstract" addon="0.4">
		<material name="Cendre" href="cendre" by="alain_oiselet" stars="5" addon="0.4" />
		<material name="Pluie sur vitre" href="pluie_sur_vitre" by="alain_oiselet" stars="4" fireflies="medium" addon="0.4" />
		<material name="Wire Musgrave" href="trans_wireframe_musgrave" by="meta-androcto" stars="5" addon="0.4" />
	</category>
	<category title="Car Paint" folder="car-paint" addon="0.4">
		<material name="Car Paint" href="car_paint_g" stars="4" fireflies="medium" addon="0.4" />
		<material name="Car Paint Utils" href="car_paint_util" by="ctdabomb" stars="4" fireflies="medium" addon="0.4" />
		<material name="Flakes 17" href="flakes17" by="elbrujodelatribu" stars="5" fireflies="medium" groups="2" addon="0.4" />
		<material name="Flaky Tangelo" href="flaky_tangelo" stars="5" fireflies="medium" addon="0.4" />
		<material name="Glossy" href="glossy_g" by="elbrujodelatribu" stars="5" fireflies="medium" groups="1" addon="0.4" />
		<material name="Metallic Paint" href="metallic_paint_g" by="elbrujodelatribu" stars="5" fireflies="medium" addon="0.4" />
	</category>
	<category title="Earth" folder="earth" addon="0.4">
		<material name="Ant Snowy" href="ant_snowy" by="NRK" stars="4" addon="0.4" />
		<material name="Ground Brown" href="ground_brown" stars="4" complexity="intermediate" addon="0.4" />
		<material name="Molten" href="molten" stars="4" complexity="intermediate" fireflies="medium" addon="0.4" />
		<material name="Planet Plane" href="planet_plane" by="arenyart" stars="4" complexity="intermediate" addon="0.4" />
	</category>
	<category title="Effects" folder="effects" addon="0.4">
		<material name="Blaster Bolt (Red)" href="blaster_bolt_red" stars="3" addon="0.4" />
		<material name="Fake Shading" href="fake_shading" by="Ace Dragon" stars="3" addon="0.4" />
		<material name="Fresnel" href="fresnel" stars="4" complexity="intermediate" fireflies="medium" addon="0.4" bl="2.64-" />
		<material name="Gradient Pass" href="gradient_pass" stars="4" complexity="intermediate" addon="0.4" bl="2.64-" />
		<material name="Invisible Light" href="invisible_light" stars="4" addon="0.4" />
		<material name="Volumetric Light" href="volumetric_light" by="ZetShandow" stars="4" complexity="intermediate" fireflies="medium" addon="0.4" />
	</category>
	<category title="Glass" folder="glass" addon="0.4">
		<material name="Absorption" href="absorption" by="ZetShandow" stars="4" fireflies="medium" addon="0.4" bl="2.64-" />
		<material name="Basic Glass" href="basic_glass" stars="5" fireflies="medium" speed="fair" addon="0.4" />
		<material name="Facade" href="facade" by="Alphisto" stars="4" addon="0.4" speed="fair" />
		<material name="Fake Glass" href="fake_glass" stars="4" addon="0.4" />
		<material name="Iridescent" href="iridescent" by="moony" stars="5" fireflies="medium" speed="fair" addon="0.4" />
		<material name="Marble" href="marble" by="mStuff" stars="4" addon="0.4" />
	</category>
	<category title="Liquids" folder="liquids" addon="0.4">
		<material name="Apple Juice" href="apple_juice" by="BroadStu" stars="4" fireflies="medium" speed="fair" groups="1" addon="0.4" />
		<material name="Cranberry Juice" href="cranberry_juice" by="Peter Cassetta" stars="4" addon="0.4" />
		<material name="Pool Water" href="pool_water" stars="4" fireflies="medium" speed="fair" addon="0.4" />
		<material name="Slime" href="slime" stars="3" addon="0.4" bl="2.64-" />
		<material name="Soap Bubble" href="soap_bubble" by="moony" stars="4" fireflies="medium" speed="fair" addon="0.4" />
	</category>
	<category title="Metals" folder="metals" addon="0.4">
		<material name="Anodized" href="anodized" by="elbrujodelatribu" stars="4" fireflies="medium" addon="0.4" />
		<material name="Bronze (Ancient)" href="bronze_ancient" stars="4" addon="0.4" />
		<material name="Foil" href="foil" stars="4" by="meta-androcto" complexity="complex" addon="0.4" />
		<material name="Galvanized Steel" href="galvanized_steel" by="moony" stars="4" fireflies="medium" addon="0.4" />
		<material name="Jewelry" href="jewelry_g" by="elbrujodelatribu" stars="5" fireflies="medium" groups="1" bl="2.65-" />
		<material name="Nugget" href="nugget" stars="4" by="meta-androcto" addon="0.4" />
		<material name="rusty_g" href="rusty_g" stars="4" complexity="complex" addon="0.4" />
		<material name="Silver Planet" href="silver_planet" stars="4" fireflies="medium" addon="0.4" />
	</category>
	<category title="Organic" folder="organic" addon="0.4">
		<material name="Chocolate Swirl" href="chocolate_swirl" by="meta-androcto" stars="4" addon="0.4" />
		<material name="Gob Stopper" href="gob_stopper_g" by="mooney" stars="5" addon="0.4" />
		<material name="Gummy Worm" href="gummy_worm" by="Jimmy Gunawan" stars="4" addon="0.4" />
		<material name="Lemon" href="lemon" stars="4" addon="0.4" />
		<material name="Raspberry" href="raspberry" stars="4" addon="0.4" />
		<material name="Red Apple" href="red_apple" stars="3" addon="0.4" />
		<material name="Sponge" href="sponge_espuma_g" by="Lucasvreis" stars="4" addon="0.4" />
	</category>
	<category title="Skin" folder="skin" addon="0.4">
		<material name="Dragon Scales" href="dragon_scales" by="meta-androcto" stars="4" complexity="complex" addon="0.5" />
		<material name="Leather" href="leather_g" stars="4" complexity="complex" addon="0.5" />
		<material name="Peau Humaine" href="peau_humaine" stars="4" addon="0.4" />
		<material name="Pimple" href="pimple_g" stars="4" complexity="complex" addon="0.5" />
		<material name="Skin Shader" href="skin_shader_g" stars="4" complexity="complex" addon="0.5" />
	</category>
	<category title="Stones" folder="stones" addon="0.4">
		<material name="1970_tiles" href="1970_tiles" stars="4" fireflies="high" addon="0.4" />
		<material name="Building" href="building" by="arenyart" stars="3" addon="0.4" />
		<material name="Ceramic Polished" href="ceramic_polished" stars="5" addon="0.4" />
		<material name="Diamond" href="diamond" stars="3" fireflies="high" speed="slow" addon="0.4" />
		<material name="Glass Glaze" href="glass_glaze_g"  by="ThorntonJStrolia" stars="5" complexity="intermediate" addon="0.4" />
		<material name="Mosaic" href="mosaic_g" stars="5" fireflies="medium" groups="1" addon="0.4" />
		<material name="Stone Red" href="stone_red" stars="4" addon="0.4" />
	</category>
	<category title="Synthetic" folder="synthetic" addon="0.4">
		<material name="Carbon Fiber (Glossy)" href="carbon_fiber_glossy" stars="3" complexity="complex" addon="0.4" />
		<material name="Coated Glossy" href="coated_glossy_g" stars="3" addon="0.4" />
		<material name="Glossy Contrast" href="glossy_contrast" stars="3" addon="0.4" />
		<material name="Polystyrene Foam" href="polystyrene_foam" by="Peter Cassetta" stars="4" complexity="intermediate" addon="0.4" />
		<material name="Tyre Rubber" href="tyre_rubber" stars="3" addon="0.4" />
	</category>
	<category title="Templates" folder="templates" addon="0.4">
		<material name="Alpha Image" href="template_alpha_image" stars="4" addon="0.4" />
		<material name="Alpha Image Color" href="template_alpha_image_color" stars="4" addon="0.4" />
		<material name="Image" href="template_image" stars="3" addon="0.4" />
	</category>
	<category title="Textiles" folder="textiles" addon="0.4">
		<material name="Crushed Velvet" href="crushed_velvet" by="elbrujodelatribu" stars="4" complexity="complex" addon="0.4" />
		<material name="Denim" href="denim" by="Peter Cassetta" stars="4" complexity="complex" addon="0.4" />
		<material name="Velvet (Edged)" href="velvet_edged" stars="4" addon="0.4" />
		<material name="Woven Fabric" href="woven_fabric" by="varkenvarken" stars="4" complexity="complex" scripts="1" addon="0.5" bl="2.65-" />
		<material name="Woven Wool" href="woven_wool" by="meta-androcto" stars="3" addon="0.4" />
	</category>
	<category title="Wood" folder="wood" addon="0.4">
		<material name="Floor Wood" href="floor_wood_g" stars="4" complexity="intermediate" addon="0.4" />
		<material name="Polished Walnut" href="polished_walnut" by="Peter Cassetta" stars="4" complexity="intermediate" addon="0.4" />
		<material name="Rough Pine" href="rough_pine" by="Peter Cassetta" stars="4" complexity="intermediate" addon="0.4" />
		<material name="Rough Walnut" href="rough_walnut" by="Peter Cassetta" stars="3" complexity="intermediate" addon="0.4" />

	</category>
	<category title="Nodegroups" folder="groups" addon="0.6">
		<group name="bw_car3layer" href="bw_car3layer" by="bashi" filesize="4kB" complexity="intermediate" addon="0.6" /> 
		<group name="bw_fabricii" href="bw_fabricii" by="bashi" filesize="4kB" complexity="intermediate" addon="0.6" />
		<group name="bw_hdrportallight" href="bw_hdrportallight" by="bashi" filesize="5kB" complexity="intermediate" addon="0.6" />
		<group name="bw_metal_kn" href="bw_metal_kn" by="bashi" filesize="5kB" complexity="intermediate" addon="0.6" />
		<group name="bw_plastic_iii" href="bw_plastic_iii" by="bashi" filesize="5kB" complexity="intermediate" addon="0.6" />
		<group name="bw_woodp" href="bw_woodp" by="bashi" filesize="5kB" complexity="intermediate" addon="0.6" />
	</category>
	<category title="OSL Scripts" folder="scripts" addon="0.6">
		<script name="Barbwire Texture" href="barbwire_texture.osl" by="varkenvarken" filesize="2.0kB" complexity="complex" lines="75" addon="0.6" />
		<script name="Chain Link Texture" href="chain_link_texture.osl" by="varkenvarken" filesize="0.9kB" complexity="intermediate" lines="38" addon="0.6" />
		<script name="Cyclone" href="cyclone.osl" by="L. Gritz" filesize="3.7kB" complexity="intermediate" lines="34" addon="0.6" />
		<script name="DWParqueteTile" href="DWParqueteTile.osl" by="Shane Ambler" filesize="7.0kB" complexity="intermediate" lines="68" addon="0.6" />
		<script name="ElJuliaSets" href="ElJuliaSets.osl" by="elbrujodelatribu" filesize="1.7kB" complexity="intermediate" lines="75" addon="0.6" />
		<script name="Gabor Noise" href="gabor_4_cycles.osl" filesize="0.5kB" lines="15" addon="0.6" />
		<script name="LGRustyMetal" href="LGRustyMetal.osl" by="Charlie" filesize="3.9kB" complexity="intermediate" lines="38" addon="0.6" />
		<script name="LGVeinedMarble" href="LGVeinedMarble.osl" by="Shane Ambler" filesize="2.8kB" complexity="intermediate" lines="68" addon="0.6" />
		<script name="lyapunov" href="lyapunov.osl" by="semmi" filesize="3.8kB" complexity="intermediate" lines="68" addon="0.6" />
		<script name="MABMountains" href="MABMountains.osl" by="Michel J. Anders" filesize="2.0kB" lines="15" addon="0.6" />
		<script name="Mandelbulb" href="mandelbulb.osl" by="semmi" filesize="3.0kB" complexity="complex" lines="75" addon="0.6" />
		<script name="Scales Shader" href="scales_shader.osl" by="varkenvarken" filesize="1.8kB" complexity="intermediate" lines="68" addon="0.6" />
		<script name="Sierpinski_squares" href="sierpinski_squares.osl" by="Michel J. Anders" filesize="0.9kB" complexity="intermediate" lines="38" addon="0.6" />
		<script name="Weave Shader" href="weave_shader.osl" by="varkenvarken" filesize="1.7kB" complexity="intermediate" lines="75" addon="0.6" />
	</category>
</library>
