<bpy>
  <Theme>
    <user_interface>
      <ThemeUserInterface menu_shadow_fac="0.01"
                          menu_shadow_width="0"
                          icon_file=""
                          icon_alpha="1"
                          widget_emboss="#ffffff00"
                          axis_x="#ff1a1a"
                          axis_y="#00dc00"
                          axis_z="#0080ff">
        <wcol_regular>
          <ThemeWidgetColors outline="#1a1a1a"
                             inner="#404040ff"
                             inner_sel="#cc8300ff"
                             item="#262626ff"
                             text="#cc8500"
                             text_sel="#cccccc"
                             show_shaded="FALSE"
                             shadetop="20"
                             shadedown="0">
          </ThemeWidgetColors>
        </wcol_regular>
        <wcol_tool>
          <ThemeWidgetColors outline="#1a1a1a"
                             inner="#262626ff"
                             inner_sel="#cc8300ff"
                             item="#333333ff"
                             text="#cc8500"
                             text_sel="#000000"
                             show_shaded="FALSE"
                             shadetop="5"
                             shadedown="0">
          </ThemeWidgetColors>
        </wcol_tool>
        <wcol_radio>
          <ThemeWidgetColors outline="#1a1a1a"
                             inner="#262626ff"
                             inner_sel="#cc8300ff"
                             item="#333333ff"
                             text="#cccccc"
                             text_sel="#000000"
                             show_shaded="FALSE"
                             shadetop="5"
                             shadedown="5">
          </ThemeWidgetColors>
        </wcol_radio>
        <wcol_text>
          <ThemeWidgetColors outline="#1a1a1a"
                             inner="#262626ff"
                             inner_sel="#262626ff"
                             item="#805300ff"
                             text="#cc8300"
                             text_sel="#cc8300"
                             show_shaded="FALSE"
                             shadetop="20"
                             shadedown="0">
          </ThemeWidgetColors>
        </wcol_text>
        <wcol_option>
          <ThemeWidgetColors outline="#1a1a1a"
                             inner="#262626ff"
                             inner_sel="#cc8300ff"
                             item="#333333ff"
                             text="#cc8300"
                             text_sel="#cc8300"
                             show_shaded="FALSE"
                             shadetop="5"
                             shadedown="5">
          </ThemeWidgetColors>
        </wcol_option>
        <wcol_toggle>
          <ThemeWidgetColors outline="#1a1a1a"
                             inner="#262626ff"
                             inner_sel="#cc8300ff"
                             item="#333333ff"
                             text="#cccccc"
                             text_sel="#000000"
                             show_shaded="FALSE"
                             shadetop="5"
                             shadedown="-10">
          </ThemeWidgetColors>
        </wcol_toggle>
        <wcol_num>
          <ThemeWidgetColors outline="#1a1a1a"
                             inner="#262626ff"
                             inner_sel="#262626ff"
                             item="#805300ff"
                             text="#cc8300"
                             text_sel="#cc8300"
                             show_shaded="FALSE"
                             shadetop="5"
                             shadedown="-10">
          </ThemeWidgetColors>
        </wcol_num>
        <wcol_numslider>
          <ThemeWidgetColors outline="#1a1a1a"
                             inner="#333333ff"
                             inner_sel="#262626ff"
                             item="#262626ff"
                             text="#cc8300"
                             text_sel="#cc8300"
                             show_shaded="FALSE"
                             shadetop="5"
                             shadedown="-10">
          </ThemeWidgetColors>
        </wcol_numslider>
        <wcol_box>
          <ThemeWidgetColors outline="#1a1a1a"
                             inner="#2b2b2bff"
                             inner_sel="#333333ff"
                             item="#333333ff"
                             text="#cc8300"
                             text_sel="#cccccc"
                             show_shaded="FALSE"
                             shadetop="5"
                             shadedown="-10">
          </ThemeWidgetColors>
        </wcol_box>
        <wcol_menu>
          <ThemeWidgetColors outline="#1a1a1a"
                             inner="#262626ff"
                             inner_sel="#3a3a3aff"
                             item="#999999ff"
                             text="#cc8300"
                             text_sel="#cccccc"
                             show_shaded="FALSE"
                             shadetop="5"
                             shadedown="0">
          </ThemeWidgetColors>
        </wcol_menu>
        <wcol_pulldown>
          <ThemeWidgetColors outline="#1a1a1a"
                             inner="#333333ff"
                             inner_sel="#cc8300ff"
                             item="#333333ff"
                             text="#cc8300"
                             text_sel="#000000"
                             show_shaded="FALSE"
                             shadetop="5"
                             shadedown="-10">
          </ThemeWidgetColors>
        </wcol_pulldown>
        <wcol_menu_back>
          <ThemeWidgetColors outline="#1a1a1a"
                             inner="#262626ff"
                             inner_sel="#333333ff"
                             item="#333333ff"
                             text="#cc8300"
                             text_sel="#cccccc"
                             show_shaded="FALSE"
                             shadetop="5"
                             shadedown="100">
          </ThemeWidgetColors>
        </wcol_menu_back>
        <wcol_pie_menu>
          <ThemeWidgetColors outline="#262626"
                             inner="#262626ff"
                             inner_sel="#cc8300ff"
                             item="#cc8300ff"
                             text="#cccccc"
                             text_sel="#000000"
                             show_shaded="FALSE"
                             shadetop="72"
                             shadedown="-10">
          </ThemeWidgetColors>
        </wcol_pie_menu>
        <wcol_tooltip>
          <ThemeWidgetColors outline="#1a1a1a"
                             inner="#3b3b3be6"
                             inner_sel="#3b3b3be6"
                             item="#262626ff"
                             text="#cc8300"
                             text_sel="#cccccc"
                             show_shaded="FALSE"
                             shadetop="5"
                             shadedown="5">
          </ThemeWidgetColors>
        </wcol_tooltip>
        <wcol_menu_item>
          <ThemeWidgetColors outline="#1a1a1a"
                             inner="#26262600"
                             inner_sel="#cc8200ff"
                             item="#cc850000"
                             text="#cccccc"
                             text_sel="#000000"
                             show_shaded="FALSE"
                             shadetop="5"
                             shadedown="50">
          </ThemeWidgetColors>
        </wcol_menu_item>
        <wcol_scroll>
          <ThemeWidgetColors outline="#333333"
                             inner="#333333ff"
                             inner_sel="#33333300"
                             item="#242424ff"
                             text="#cc8300"
                             text_sel="#cccccc"
                             show_shaded="FALSE"
                             shadetop="1"
                             shadedown="1">
          </ThemeWidgetColors>
        </wcol_scroll>
        <wcol_progress>
          <ThemeWidgetColors outline="#1a1a1a"
                             inner="#855700ff"
                             inner_sel="#0b0700ff"
                             item="#cc8500ff"
                             text="#cccccc"
                             text_sel="#cccccc"
                             show_shaded="FALSE"
                             shadetop="10"
                             shadedown="-74">
          </ThemeWidgetColors>
        </wcol_progress>
        <wcol_list_item>
          <ThemeWidgetColors outline="#1a1a1a"
                             inner="#33333300"
                             inner_sel="#805300ff"
                             item="#333333ff"
                             text="#cc8300"
                             text_sel="#cccccc"
                             show_shaded="FALSE"
                             shadetop="5"
                             shadedown="0">
          </ThemeWidgetColors>
        </wcol_list_item>
        <wcol_state>
          <ThemeWidgetStateColors inner_anim="#73be4c"
                                  inner_anim_sel="#5aa633"
                                  inner_key="#f0eb64"
                                  inner_key_sel="#d7d34b"
                                  inner_driven="#b400ff"
                                  inner_driven_sel="#9900e6"
                                  blend="0.5">
          </ThemeWidgetStateColors>
        </wcol_state>
      </ThemeUserInterface>
    </user_interface>
    <view_3d>
      <ThemeView3D grid="#746e68"
                   clipping_border_3d="#313131ff"
                   wire="#000000"
                   wire_edit="#000000"
                   gp_vertex="#000000"
                   gp_vertex_select="#ff8500"
                   gp_vertex_size="3"
                   text_grease_pencil="#b5e61d"
                   object_selected="#f15800"
                   object_active="#ffaa40"
                   object_grouped="#083008"
                   object_grouped_active="#55bb55"
                   text_keyframe="#ddd700"
                   camera="#000000"
                   empty="#000000"
                   lamp="#00000028"
                   speaker="#000000"
                   vertex="#1a110d"
                   vertex_select="#ff4d00"
                   vertex_size="3"
                   vertex_unreferenced="#000000"
                   edge_select="#fff3e6"
                   edge_seam="#db2512"
                   edge_sharp="#00ffff"
                   edge_crease="#cc0099"
                   edge_facesel="#4b4b4b"
                   freestyle_edge_mark="#7fff7f"
                   face="#cfced966"
                   face_select="#ff860066"
                   face_dot="#ffb466"
                   facedot_size="4"
                   freestyle_face_mark="#7fff7f33"
                   nurb_uline="#909000"
                   nurb_vline="#803060"
                   nurb_sel_uline="#f0ff40"
                   nurb_sel_vline="#f090a0"
                   act_spline="#db2512"
                   handle_free="#000000"
                   handle_auto="#909000"
                   handle_vect="#409030"
                   handle_sel_vect="#40c030"
                   handle_align="#803060"
                   handle_sel_free="#000000"
                   handle_sel_auto="#f0ff40"
                   handle_sel_align="#f090a0"
                   lastsel_point="#ffffff"
                   extra_edge_len="#200000"
                   extra_edge_angle="#202000"
                   extra_face_angle="#000080"
                   extra_face_area="#002000"
                   editmesh_active="#ffffff4d"
                   normal="#22dddd"
                   vertex_normal="#2361dd"
                   split_normal="#dd23dd"
                   bone_pose="#50c8ff"
                   bone_pose_active="#8cffff"
                   bone_solid="#c8c8c8"
                   bundle_solid="#c8c8c8"
                   camera_path="#000000"
                   skin_root="#000000"
                   view_overlay="#000000"
                   transform="#ffffff"
                   frame_current="#60c040"
                   paint_curve_handle="#7fff7f7f"
                   paint_curve_pivot="#ff7f7f7f"
                   outline_width="1">
        <space>
          <ThemeSpaceGradient title="#000000"
                              text="#000000"
                              text_hi="#cccccc"
                              header="#333333"
                              header_text="#cccccc"
                              header_text_hi="#cccccc"
                              button="#33333380"
                              button_title="#cccccc"
                              button_text="#cccccc"
                              button_text_hi="#000000"
                              tab_active="#666666"
                              tab_inactive="#333333"
                              tab_back="#404040ff"
                              tab_outline="#333333">
            <gradients>
              <ThemeGradientColors show_grad="FALSE"
                                   gradient="#404040"
                                   high_gradient="#595855">
              </ThemeGradientColors>
            </gradients>
            <panelcolors>
              <ThemePanelColors header="#2e2e2ecc"
                                back="#00000000"
                                show_header="TRUE"
                                show_back="FALSE">
              </ThemePanelColors>
            </panelcolors>
          </ThemeSpaceGradient>
        </space>
      </ThemeView3D>
    </view_3d>
    <graph_editor>
      <ThemeGraphEditor grid="#272727"
                        frame_current="#2f6c20"
                        window_sliders="#1a1a1a"
                        channels_region="#707070"
                        dopesheet_channel="#00376e"
                        dopesheet_subchannel="#004b96"
                        channel_group="#166500"
                        active_channels_group="#3fb123"
                        vertex="#000000"
                        vertex_select="#ff8500"
                        vertex_size="3"
                        vertex_unreferenced="#000000"
                        handle_free="#000000"
                        handle_auto="#909000"
                        handle_vect="#409030"
                        handle_sel_vect="#40c030"
                        handle_align="#803060"
                        handle_sel_free="#000000"
                        handle_sel_auto="#f0ff40"
                        handle_sel_align="#f090a0"
                        handle_auto_clamped="#994030"
                        handle_sel_auto_clamped="#f0af90"
                        lastsel_point="#ffffff"
                        handle_vertex="#000000"
                        handle_vertex_select="#ff8500"
                        handle_vertex_size="5">
        <space>
          <ThemeSpaceGeneric back="#333333"
                             title="#000000"
                             text="#cccccc"
                             text_hi="#cccccc"
                             header="#333333"
                             header_text="#cccccc"
                             header_text_hi="#cccccc"
                             button="#333333ff"
                             button_title="#cccccc"
                             button_text="#cccccc"
                             button_text_hi="#cccccc"
                             tab_active="#666666"
                             tab_inactive="#333333"
                             tab_back="#404040ff"
                             tab_outline="#333333">
            <panelcolors>
              <ThemePanelColors header="#2f2f2fff"
                                back="#72727280"
                                show_header="TRUE"
                                show_back="FALSE">
              </ThemePanelColors>
            </panelcolors>
          </ThemeSpaceGeneric>
        </space>
        <space_list>
          <ThemeSpaceListGeneric list="#333333"
                                 list_title="#000000"
                                 list_text="#cccccc"
                                 list_text_hi="#cccccc">
          </ThemeSpaceListGeneric>
        </space_list>
      </ThemeGraphEditor>
    </graph_editor>
    <file_browser>
      <ThemeFileBrowser selected_file="#cc8500"
                        scrollbar="#a0a0a0"
                        scroll_handle="#7f7070"
                        active_file="#828282"
                        active_file_text="#cccccc">
        <space>
          <ThemeSpaceGeneric back="#333333"
                             title="#cccccc"
                             text="#cccccc"
                             text_hi="#0f0f0f"
                             header="#333333"
                             header_text="#cccccc"
                             header_text_hi="#cccccc"
                             button="#333333ff"
                             button_title="#cccccc"
                             button_text="#cccccc"
                             button_text_hi="#cccccc"
                             tab_active="#666666"
                             tab_inactive="#333333"
                             tab_back="#404040ff"
                             tab_outline="#333333">
            <panelcolors>
              <ThemePanelColors header="#2f2f2fff"
                                back="#72727280"
                                show_header="TRUE"
                                show_back="FALSE">
              </ThemePanelColors>
            </panelcolors>
          </ThemeSpaceGeneric>
        </space>
        <space_list>
          <ThemeSpaceListGeneric list="#333333"
                                 list_title="#cccccc"
                                 list_text="#cccccc"
                                 list_text_hi="#cccccc">
          </ThemeSpaceListGeneric>
        </space_list>
      </ThemeFileBrowser>
    </file_browser>
    <nla_editor>
      <ThemeNLAEditor grid="#272727"
                      view_sliders="#969696"
                      active_action="#00000000"
                      active_action_unset="#9987611a"
                      strips="#0c0a0a"
                      strips_selected="#ff8c00"
                      transition_strips="#1c2630"
                      transition_strips_selected="#2e75db"
                      meta_strips="#332642"
                      meta_strips_selected="#692196"
                      sound_strips="#2b3d3d"
                      sound_strips_selected="#1f7a7a"
                      tweak="#000000"
                      tweak_duplicate="#d90000"
                      keyframe_border="#4df31aff"
                      keyframe_border_selected="#000000ff"
                      frame_current="#60c040">
        <space>
          <ThemeSpaceGeneric back="#333333"
                             title="#cccccc"
                             text="#cccccc"
                             text_hi="#cccccc"
                             header="#333333"
                             header_text="#cccccc"
                             header_text_hi="#cccccc"
                             button="#333333ff"
                             button_title="#cccccc"
                             button_text="#cccccc"
                             button_text_hi="#cccccc"
                             tab_active="#666666"
                             tab_inactive="#333333"
                             tab_back="#404040ff"
                             tab_outline="#333333">
            <panelcolors>
              <ThemePanelColors header="#2f2f2fff"
                                back="#72727280"
                                show_header="TRUE"
                                show_back="FALSE">
              </ThemePanelColors>
            </panelcolors>
          </ThemeSpaceGeneric>
        </space>
        <space_list>
          <ThemeSpaceListGeneric list="#333333"
                                 list_title="#000000"
                                 list_text="#cccccc"
                                 list_text_hi="#cccccc">
          </ThemeSpaceListGeneric>
        </space_list>
      </ThemeNLAEditor>
    </nla_editor>
    <dopesheet_editor>
      <ThemeDopeSheet grid="#272727"
                      frame_current="#60c040"
                      value_sliders="#000000"
                      view_sliders="#969696"
                      dopesheet_channel="#00376e"
                      dopesheet_subchannel="#004b96"
                      channels="#707070"
                      channels_selected="#60c040"
                      channel_group="#166500"
                      active_channels_group="#3fb123"
                      long_key="#0c0a0a"
                      long_key_selected="#ff8c00"
                      keyframe="#e8e8e8"
                      keyframe_selected="#ffbe32"
                      keyframe_extreme="#e8b3cc"
                      keyframe_extreme_selected="#f28080"
                      keyframe_breakdown="#b3dbe8"
                      keyframe_breakdown_selected="#54bfed"
                      keyframe_jitter="#94e575"
                      keyframe_jitter_selected="#61c042"
                      keyframe_border="#000000ff"
                      keyframe_border_selected="#000000ff"
                      summary="#00000000">
        <space>
          <ThemeSpaceGeneric back="#333333"
                             title="#cccccc"
                             text="#cccccc"
                             text_hi="#cccccc"
                             header="#333333"
                             header_text="#cccccc"
                             header_text_hi="#cccccc"
                             button="#727272ff"
                             button_title="#cccccc"
                             button_text="#cccccc"
                             button_text_hi="#cccccc"
                             tab_active="#666666"
                             tab_inactive="#333333"
                             tab_back="#404040ff"
                             tab_outline="#333333">
            <panelcolors>
              <ThemePanelColors header="#2f2f2fff"
                                back="#72727280"
                                show_header="TRUE"
                                show_back="FALSE">
              </ThemePanelColors>
            </panelcolors>
          </ThemeSpaceGeneric>
        </space>
        <space_list>
          <ThemeSpaceListGeneric list="#333333"
                                 list_title="#000000"
                                 list_text="#cccccc"
                                 list_text_hi="#cccccc">
          </ThemeSpaceListGeneric>
        </space_list>
      </ThemeDopeSheet>
    </dopesheet_editor>
    <image_editor>
      <ThemeImageEditor gp_vertex="#000000"
                        gp_vertex_select="#ff8500"
                        gp_vertex_size="3"
                        vertex="#000000"
                        vertex_select="#ff8500"
                        vertex_size="3"
                        vertex_unreferenced="#000000"
                        face="#ffffff0a"
                        face_select="#ff85003c"
                        face_dot="#ff8500"
                        facedot_size="3"
                        freestyle_face_mark="#7fff7f33"
                        editmesh_active="#ffffff80"
                        wire_edit="#c0c0c0"
                        edge_select="#ff8500"
                        scope_back="#333333ff"
                        preview_stitch_face="#1242b026"
                        preview_stitch_edge="#ff8500b2"
                        preview_stitch_vert="#ff85007f"
                        preview_stitch_stitchable="#00ff00ff"
                        preview_stitch_unstitchable="#ff0000ff"
                        preview_stitch_active="#e1d2c323"
                        uv_shadow="#707070ff"
                        uv_others="#606060ff"
                        frame_current="#60c040"
                        metadatabg="#000000"
                        metadatatext="#ffffff"
                        handle_free="#000000"
                        handle_auto="#909000"
                        handle_align="#803060"
                        handle_sel_free="#000000"
                        handle_sel_auto="#f0ff40"
                        handle_sel_align="#f090a0"
                        handle_auto_clamped="#000000"
                        handle_sel_auto_clamped="#000000"
                        handle_vertex="#000000"
                        handle_vertex_select="#ffff00"
                        handle_vertex_size="5"
                        paint_curve_handle="#7fff7f7f"
                        paint_curve_pivot="#ff7f7f7f">
        <space>
          <ThemeSpaceGeneric back="#333333"
                             title="#000000"
                             text="#000000"
                             text_hi="#cccccc"
                             header="#333333"
                             header_text="#cccccc"
                             header_text_hi="#cccccc"
                             button="#33333380"
                             button_title="#cccccc"
                             button_text="#cccccc"
                             button_text_hi="#cccccc"
                             tab_active="#666666"
                             tab_inactive="#333333"
                             tab_back="#404040ff"
                             tab_outline="#333333">
            <panelcolors>
              <ThemePanelColors header="#2f2f2fff"
                                back="#72727280"
                                show_header="TRUE"
                                show_back="FALSE">
              </ThemePanelColors>
            </panelcolors>
          </ThemeSpaceGeneric>
        </space>
      </ThemeImageEditor>
    </image_editor>
    <sequence_editor>
      <ThemeSequenceEditor gp_vertex="#000000"
                           gp_vertex_select="#ff8500"
                           gp_vertex_size="3"
                           grid="#272727"
                           window_sliders="#a0a0a0"
                           movie_strip="#308bff"
                           movieclip_strip="#5656ff"
                           image_strip="#a74cff"
                           scene_strip="#3fb123"
                           audio_strip="#23d3d3"
                           effect_strip="#ff449c"
                           transition_strip="#ff517a"
                           meta_strip="#91cfb8"
                           text_strip="#a29700"
                           frame_current="#2f6c20"
                           keyframe="#ff8500"
                           draw_action="#50c8ff"
                           preview_back="#333333"
                           metadatabg="#000000"
                           metadatatext="#ffffff">
        <space>
          <ThemeSpaceGeneric back="#333333"
                             title="#000000"
                             text="#cccccc"
                             text_hi="#cccccc"
                             header="#333333"
                             header_text="#cccccc"
                             header_text_hi="#cccccc"
                             button="#33333380"
                             button_title="#cccccc"
                             button_text="#cccccc"
                             button_text_hi="#cccccc"
                             tab_active="#666666"
                             tab_inactive="#333333"
                             tab_back="#404040ff"
                             tab_outline="#333333">
            <panelcolors>
              <ThemePanelColors header="#2f2f2fff"
                                back="#72727280"
                                show_header="TRUE"
                                show_back="FALSE">
              </ThemePanelColors>
            </panelcolors>
          </ThemeSpaceGeneric>
        </space>
      </ThemeSequenceEditor>
    </sequence_editor>
    <properties>
      <ThemeProperties>
        <space>
          <ThemeSpaceGeneric back="#333333"
                             title="#cccccc"
                             text="#cccccc"
                             text_hi="#cccccc"
                             header="#333333"
                             header_text="#cccccc"
                             header_text_hi="#cccccc"
                             button="#333333ff"
                             button_title="#cccccc"
                             button_text="#cccccc"
                             button_text_hi="#cccccc"
                             tab_active="#666666"
                             tab_inactive="#333333"
                             tab_back="#404040ff"
                             tab_outline="#333333">
            <panelcolors>
              <ThemePanelColors header="#2f2f2fff"
                                back="#72727280"
                                show_header="TRUE"
                                show_back="FALSE">
              </ThemePanelColors>
            </panelcolors>
          </ThemeSpaceGeneric>
        </space>
      </ThemeProperties>
    </properties>
    <text_editor>
      <ThemeTextEditor line_numbers_background="#262626"
                       selected_text="#734b00"
                       cursor="#cc8500"
                       syntax_builtin="#e91c9c"
                       syntax_symbols="#e6e6e6"
                       syntax_special="#eeee07"
                       syntax_preprocessor="#8a4dff"
                       syntax_reserved="#8c3c00"
                       syntax_comment="#00a653"
                       syntax_string="#ff3333"
                       syntax_numbers="#4d7bff">
        <space>
          <ThemeSpaceGeneric back="#333333"
                             title="#000000"
                             text="#cc8500"
                             text_hi="#cccccc"
                             header="#333333"
                             header_text="#cccccc"
                             header_text_hi="#cccccc"
                             button="#333333ff"
                             button_title="#cccccc"
                             button_text="#cccccc"
                             button_text_hi="#cccccc"
                             tab_active="#666666"
                             tab_inactive="#333333"
                             tab_back="#404040ff"
                             tab_outline="#333333">
            <panelcolors>
              <ThemePanelColors header="#2f2f2fff"
                                back="#80808080"
                                show_header="TRUE"
                                show_back="FALSE">
              </ThemePanelColors>
            </panelcolors>
          </ThemeSpaceGeneric>
        </space>
      </ThemeTextEditor>
    </text_editor>
    <timeline>
      <ThemeTimeline grid="#262626"
                     frame_current="#307300"
                     time_keyframe="#ddd700"
                     time_grease_pencil="#b5e61d">
        <space>
          <ThemeSpaceGeneric back="#2a2a2a"
                             title="#000000"
                             text="#cccccc"
                             text_hi="#cccccc"
                             header="#333333"
                             header_text="#cccccc"
                             header_text_hi="#cccccc"
                             button="#333333ff"
                             button_title="#cccccc"
                             button_text="#cccccc"
                             button_text_hi="#cccccc"
                             tab_active="#666666"
                             tab_inactive="#333333"
                             tab_back="#404040ff"
                             tab_outline="#333333">
            <panelcolors>
              <ThemePanelColors header="#2f2f2fff"
                                back="#72727280"
                                show_header="TRUE"
                                show_back="FALSE">
              </ThemePanelColors>
            </panelcolors>
          </ThemeSpaceGeneric>
        </space>
      </ThemeTimeline>
    </timeline>
    <node_editor>
      <ThemeNodeEditor gp_vertex="#000000"
                       gp_vertex_select="#ff8500"
                       gp_vertex_size="3"
                       node_selected="#cc8500"
                       node_active="#cc8500"
                       wire="#ffffff"
                       wire_inner="#737373"
                       wire_select="#ffffff"
                       selected_text="#7f7070"
                       node_backdrop="#333333b3"
                       converter_node="#001a66"
                       color_node="#40116f"
                       group_node="#20402d"
                       group_socket_node="#003308"
                       frame_node="#0d0d0dcc"
                       matte_node="#008816"
                       distor_node="#0a6664"
                       noodle_curving="0"
                       input_node="#1a1a1a"
                       output_node="#1a1a1a"
                       filter_node="#4d3200"
                       vector_node="#004c99"
                       texture_node="#517500"
                       shader_node="#00748c"
                       script_node="#8c411c"
                       pattern_node="#662929"
                       layout_node="#0d001a">
        <space>
          <ThemeSpaceGeneric back="#333333"
                             title="#000000"
                             text="#cccccc"
                             text_hi="#cccccc"
                             header="#333333"
                             header_text="#cccccc"
                             header_text_hi="#333333"
                             button="#33333380"
                             button_title="#cccccc"
                             button_text="#cccccc"
                             button_text_hi="#cccccc"
                             tab_active="#666666"
                             tab_inactive="#333333"
                             tab_back="#404040ff"
                             tab_outline="#333333">
            <panelcolors>
              <ThemePanelColors header="#2f2f2fff"
                                back="#72727280"
                                show_header="TRUE"
                                show_back="FALSE">
              </ThemePanelColors>
            </panelcolors>
          </ThemeSpaceGeneric>
        </space>
        <space_list>
          <ThemeSpaceListGeneric list="#333333"
                                 list_title="#000000"
                                 list_text="#000000"
                                 list_text_hi="#cccccc">
          </ThemeSpaceListGeneric>
        </space_list>
      </ThemeNodeEditor>
    </node_editor>
    <logic_editor>
      <ThemeLogicEditor>
        <space>
          <ThemeSpaceGeneric back="#333333"
                             title="#000000"
                             text="#000000"
                             text_hi="#cccccc"
                             header="#333333"
                             header_text="#cccccc"
                             header_text_hi="#cccccc"
                             button="#333333ff"
                             button_title="#cccccc"
                             button_text="#cccccc"
                             button_text_hi="#cccccc"
                             tab_active="#666666"
                             tab_inactive="#333333"
                             tab_back="#404040ff"
                             tab_outline="#333333">
            <panelcolors>
              <ThemePanelColors header="#2f2f2fff"
                                back="#72727280"
                                show_header="TRUE"
                                show_back="FALSE">
              </ThemePanelColors>
            </panelcolors>
          </ThemeSpaceGeneric>
        </space>
      </ThemeLogicEditor>
    </logic_editor>
    <outliner>
      <ThemeOutliner match="#337f33"
                     selected_highlight="#593a00">
        <space>
          <ThemeSpaceGeneric back="#333333"
                             title="#cccccc"
                             text="#cccccc"
                             text_hi="#cc8500"
                             header="#333333"
                             header_text="#cccccc"
                             header_text_hi="#cccccc"
                             button="#333333ff"
                             button_title="#cccccc"
                             button_text="#cccccc"
                             button_text_hi="#cccccc"
                             tab_active="#666666"
                             tab_inactive="#333333"
                             tab_back="#404040ff"
                             tab_outline="#333333">
            <panelcolors>
              <ThemePanelColors header="#2f2f2fff"
                                back="#72727280"
                                show_header="TRUE"
                                show_back="FALSE">
              </ThemePanelColors>
            </panelcolors>
          </ThemeSpaceGeneric>
        </space>
      </ThemeOutliner>
    </outliner>
    <info>
      <ThemeInfo info_selected="#6080ff"
                 info_selected_text="#cccccc"
                 info_error="#dc0000"
                 info_error_text="#000000"
                 info_warning="#dc8060"
                 info_warning_text="#000000"
                 info_info="#00aa00"
                 info_info_text="#000000"
                 info_debug="#c4c4c4"
                 info_debug_text="#000000">
        <space>
          <ThemeSpaceGeneric back="#333333"
                             title="#cccccc"
                             text="#cccccc"
                             text_hi="#cccccc"
                             header="#333333"
                             header_text="#cc8300"
                             header_text_hi="#cccccc"
                             button="#333333ff"
                             button_title="#cccccc"
                             button_text="#cccccc"
                             button_text_hi="#cccccc"
                             tab_active="#666666"
                             tab_inactive="#333333"
                             tab_back="#404040ff"
                             tab_outline="#333333">
            <panelcolors>
              <ThemePanelColors header="#2f2f2fff"
                                back="#72727280"
                                show_header="TRUE"
                                show_back="FALSE">
              </ThemePanelColors>
            </panelcolors>
          </ThemeSpaceGeneric>
        </space>
      </ThemeInfo>
    </info>
    <user_preferences>
      <ThemeUserPreferences>
        <space>
          <ThemeSpaceGeneric back="#333333"
                             title="#cccccc"
                             text="#cccccc"
                             text_hi="#cccccc"
                             header="#333333"
                             header_text="#cccccc"
                             header_text_hi="#cccccc"
                             button="#333333ff"
                             button_title="#cccccc"
                             button_text="#cccccc"
                             button_text_hi="#cccccc"
                             tab_active="#666666"
                             tab_inactive="#333333"
                             tab_back="#404040ff"
                             tab_outline="#333333">
            <panelcolors>
              <ThemePanelColors header="#2f2f2fff"
                                back="#72727280"
                                show_header="TRUE"
                                show_back="FALSE">
              </ThemePanelColors>
            </panelcolors>
          </ThemeSpaceGeneric>
        </space>
      </ThemeUserPreferences>
    </user_preferences>
    <console>
      <ThemeConsole line_output="#6080ff"
                    line_input="#cccccc"
                    line_info="#00aa00"
                    line_error="#dc6060"
                    cursor="#dc6060"
                    select="#cccccc30">
        <space>
          <ThemeSpaceGeneric back="#333333"
                             title="#cccccc"
                             text="#cccccc"
                             text_hi="#cccccc"
                             header="#333333"
                             header_text="#cccccc"
                             header_text_hi="#cccccc"
                             button="#333333ff"
                             button_title="#cccccc"
                             button_text="#cccccc"
                             button_text_hi="#cccccc"
                             tab_active="#666666"
                             tab_inactive="#333333"
                             tab_back="#404040ff"
                             tab_outline="#333333">
            <panelcolors>
              <ThemePanelColors header="#2f2f2fff"
                                back="#72727280"
                                show_header="TRUE"
                                show_back="FALSE">
              </ThemePanelColors>
            </panelcolors>
          </ThemeSpaceGeneric>
        </space>
      </ThemeConsole>
    </console>
    <clip_editor>
      <ThemeClipEditor gp_vertex="#000000"
                       gp_vertex_select="#000000"
                       gp_vertex_size="1"
                       marker_outline="#000000"
                       marker="#7f7f00"
                       active_marker="#ffffff"
                       selected_marker="#ffff00"
                       disabled_marker="#7f0000"
                       locked_marker="#7f7f7f"
                       path_before="#ff0000"
                       path_after="#0000ff"
                       frame_current="#60c040"
                       strips="#0c0a0a"
                       strips_selected="#ff8c00"
                       handle_free="#000000"
                       handle_auto="#909000"
                       handle_align="#803060"
                       handle_sel_free="#000000"
                       handle_sel_auto="#f0ff40"
                       handle_sel_align="#f090a0"
                       handle_auto_clamped="#000000"
                       handle_sel_auto_clamped="#000000"
                       handle_vertex="#000000"
                       handle_vertex_select="#ffff00"
                       handle_vertex_size="2">
        <space>
          <ThemeSpaceGeneric back="#333333"
                             title="#cccccc"
                             text="#cccccc"
                             text_hi="#cccccc"
                             header="#333333"
                             header_text="#cccccc"
                             header_text_hi="#cccccc"
                             button="#33333380"
                             button_title="#cccccc"
                             button_text="#cccccc"
                             button_text_hi="#cccccc"
                             tab_active="#666666"
                             tab_inactive="#333333"
                             tab_back="#404040ff"
                             tab_outline="#333333">
            <panelcolors>
              <ThemePanelColors header="#2f2f2fff"
                                back="#72727280"
                                show_header="TRUE"
                                show_back="FALSE">
              </ThemePanelColors>
            </panelcolors>
          </ThemeSpaceGeneric>
        </space>
        <space_list>
          <ThemeSpaceListGeneric list="#333333"
                                 list_title="#000000"
                                 list_text="#000000"
                                 list_text_hi="#cccccc">
          </ThemeSpaceListGeneric>
        </space_list>
      </ThemeClipEditor>
    </clip_editor>
    <bone_color_sets>
      <ThemeBoneColorSet normal="#9a0000"
                         select="#bd1111"
                         active="#f70a0a"
                         show_colored_constraints="FALSE">
      </ThemeBoneColorSet>
      <ThemeBoneColorSet normal="#f74018"
                         select="#f66913"
                         active="#fa9900"
                         show_colored_constraints="FALSE">
      </ThemeBoneColorSet>
      <ThemeBoneColorSet normal="#1e9109"
                         select="#59b70b"
                         active="#83ef1d"
                         show_colored_constraints="FALSE">
      </ThemeBoneColorSet>
      <ThemeBoneColorSet normal="#0a3694"
                         select="#3667df"
                         active="#5ec1ef"
                         show_colored_constraints="FALSE">
      </ThemeBoneColorSet>
      <ThemeBoneColorSet normal="#a9294e"
                         select="#c1416a"
                         active="#f05d91"
                         show_colored_constraints="FALSE">
      </ThemeBoneColorSet>
      <ThemeBoneColorSet normal="#430c78"
                         select="#543aa3"
                         active="#8764d5"
                         show_colored_constraints="FALSE">
      </ThemeBoneColorSet>
      <ThemeBoneColorSet normal="#24785a"
                         select="#3c9579"
                         active="#6fb6ab"
                         show_colored_constraints="FALSE">
      </ThemeBoneColorSet>
      <ThemeBoneColorSet normal="#4b707c"
                         select="#6a8691"
                         active="#9bc2cd"
                         show_colored_constraints="FALSE">
      </ThemeBoneColorSet>
      <ThemeBoneColorSet normal="#f4c90c"
                         select="#eec236"
                         active="#f3ff00"
                         show_colored_constraints="FALSE">
      </ThemeBoneColorSet>
      <ThemeBoneColorSet normal="#1e2024"
                         select="#484c56"
                         active="#ffffff"
                         show_colored_constraints="FALSE">
      </ThemeBoneColorSet>
      <ThemeBoneColorSet normal="#6f2f6a"
                         select="#9845be"
                         active="#d330d6"
                         show_colored_constraints="FALSE">
      </ThemeBoneColorSet>
      <ThemeBoneColorSet normal="#6c8e22"
                         select="#7fb022"
                         active="#bbef5b"
                         show_colored_constraints="FALSE">
      </ThemeBoneColorSet>
      <ThemeBoneColorSet normal="#8d8d8d"
                         select="#b0b0b0"
                         active="#dedede"
                         show_colored_constraints="FALSE">
      </ThemeBoneColorSet>
      <ThemeBoneColorSet normal="#834326"
                         select="#8b5811"
                         active="#bd6a11"
                         show_colored_constraints="FALSE">
      </ThemeBoneColorSet>
      <ThemeBoneColorSet normal="#08310e"
                         select="#1c430b"
                         active="#34622b"
                         show_colored_constraints="FALSE">
      </ThemeBoneColorSet>
      <ThemeBoneColorSet normal="#000000"
                         select="#000000"
                         active="#000000"
                         show_colored_constraints="FALSE">
      </ThemeBoneColorSet>
      <ThemeBoneColorSet normal="#000000"
                         select="#000000"
                         active="#000000"
                         show_colored_constraints="FALSE">
      </ThemeBoneColorSet>
      <ThemeBoneColorSet normal="#000000"
                         select="#000000"
                         active="#000000"
                         show_colored_constraints="FALSE">
      </ThemeBoneColorSet>
      <ThemeBoneColorSet normal="#000000"
                         select="#000000"
                         active="#000000"
                         show_colored_constraints="FALSE">
      </ThemeBoneColorSet>
      <ThemeBoneColorSet normal="#000000"
                         select="#000000"
                         active="#000000"
                         show_colored_constraints="FALSE">
      </ThemeBoneColorSet>
    </bone_color_sets>
  </Theme>
  <ThemeStyle>
    <panel_title>
      <ThemeFontStyle points="12"
                      font_kerning_style="FITTED"
                      shadow="0"
                      shadow_offset_x="0"
                      shadow_offset_y="-1"
                      shadow_alpha="0.15"
                      shadow_value="1">
      </ThemeFontStyle>
    </panel_title>
    <widget_label>
      <ThemeFontStyle points="11"
                      font_kerning_style="FITTED"
                      shadow="0"
                      shadow_offset_x="0"
                      shadow_offset_y="-1"
                      shadow_alpha="0.15"
                      shadow_value="1">
      </ThemeFontStyle>
    </widget_label>
    <widget>
      <ThemeFontStyle points="11"
                      font_kerning_style="FITTED"
                      shadow="0"
                      shadow_offset_x="0"
                      shadow_offset_y="0"
                      shadow_alpha="0.25"
                      shadow_value="0">
      </ThemeFontStyle>
    </widget>
  </ThemeStyle>
</bpy>
