<bpy>
  <Theme>
    <user_interface>
      <ThemeUserInterface menu_shadow_fac="0.01"
                          menu_shadow_width="2"
                          icon_file=""
                          icon_alpha="1"
                          widget_emboss="#ffffff05"
                          axis_x="#ff350e"
                          axis_y="#94ff5d"
                          axis_z="#3275ff">
        <wcol_regular>
          <ThemeWidgetColors outline="#000000"
                             inner="#676c75ff"
                             inner_sel="#fff0cfff"
                             item="#1b1f28ff"
                             text="#fff0cf"
                             text_sel="#000000"
                             show_shaded="FALSE"
                             shadetop="-100"
                             shadedown="0">
          </ThemeWidgetColors>
        </wcol_regular>
        <wcol_tool>
          <ThemeWidgetColors outline="#000000"
                             inner="#696e77ff"
                             inner_sel="#fff0cfff"
                             item="#fff0cfff"
                             text="#fff0cf"
                             text_sel="#000000"
                             show_shaded="TRUE"
                             shadetop="20"
                             shadedown="-20">
          </ThemeWidgetColors>
        </wcol_tool>
        <wcol_radio>
          <ThemeWidgetColors outline="#000000"
                             inner="#696e77ff"
                             inner_sel="#fff0cfff"
                             item="#1b1f28ff"
                             text="#fff0cf"
                             text_sel="#000000"
                             show_shaded="TRUE"
                             shadetop="20"
                             shadedown="-20">
          </ThemeWidgetColors>
        </wcol_radio>
        <wcol_text>
          <ThemeWidgetColors outline="#151515"
                             inner="#696e77ff"
                             inner_sel="#fff0cfff"
                             item="#676c75ff"
                             text="#fff0cf"
                             text_sel="#000000"
                             show_shaded="FALSE"
                             shadetop="-30"
                             shadedown="20">
          </ThemeWidgetColors>
        </wcol_text>
        <wcol_option>
          <ThemeWidgetColors outline="#151515"
                             inner="#696e77ff"
                             inner_sel="#fff0cfff"
                             item="#000000ff"
                             text="#fff0cf"
                             text_sel="#fff0cf"
                             show_shaded="FALSE"
                             shadetop="-40"
                             shadedown="10">
          </ThemeWidgetColors>
        </wcol_option>
        <wcol_toggle>
          <ThemeWidgetColors outline="#151515"
                             inner="#676c75ff"
                             inner_sel="#fff0cfff"
                             item="#191d26ff"
                             text="#fff0cf"
                             text_sel="#000000"
                             show_shaded="TRUE"
                             shadetop="20"
                             shadedown="-20">
          </ThemeWidgetColors>
        </wcol_toggle>
        <wcol_num>
          <ThemeWidgetColors outline="#151515"
                             inner="#696e77ff"
                             inner_sel="#fff0cfff"
                             item="#fff0cfff"
                             text="#fff0cf"
                             text_sel="#000000"
                             show_shaded="TRUE"
                             shadetop="20"
                             shadedown="-20">
          </ThemeWidgetColors>
        </wcol_num>
        <wcol_numslider>
          <ThemeWidgetColors outline="#131313"
                             inner="#fdeecdff"
                             inner_sel="#f9eac9ff"
                             item="#656a73ff"
                             text="#000000"
                             text_sel="#000000"
                             show_shaded="FALSE"
                             shadetop="20"
                             shadedown="-20">
          </ThemeWidgetColors>
        </wcol_numslider>
        <wcol_box>
          <ThemeWidgetColors outline="#0f0f0f"
                             inner="#83817bff"
                             inner_sel="#fff0cfff"
                             item="#191d26ff"
                             text="#fff0cf"
                             text_sel="#000000"
                             show_shaded="FALSE"
                             shadetop="30"
                             shadedown="-20">
          </ThemeWidgetColors>
        </wcol_box>
        <wcol_menu>
          <ThemeWidgetColors outline="#111111"
                             inner="#656a73ff"
                             inner_sel="#fff0cfff"
                             item="#fff0ffff"
                             text="#fff0cd"
                             text_sel="#000000"
                             show_shaded="TRUE"
                             shadetop="20"
                             shadedown="-20">
          </ThemeWidgetColors>
        </wcol_menu>
        <wcol_pulldown>
          <ThemeWidgetColors outline="#151922"
                             inner="#656a73ff"
                             inner_sel="#676c75ff"
                             item="#171b24ff"
                             text="#fff0cf"
                             text_sel="#fdeecd"
                             show_shaded="TRUE"
                             shadetop="20"
                             shadedown="-20">
          </ThemeWidgetColors>
        </wcol_pulldown>
        <wcol_menu_back>
          <ThemeWidgetColors outline="#000000"
                             inner="#636871ff"
                             inner_sel="#656a73ff"
                             item="#000000ff"
                             text="#ffedc5"
                             text_sel="#000000"
                             show_shaded="FALSE"
                             shadetop="-100"
                             shadedown="0">
          </ThemeWidgetColors>
        </wcol_menu_back>
        <wcol_pie_menu>
          <ThemeWidgetColors outline="#0a0a0a"
                             inner="#aaaaaae6"
                             inner_sel="#8c8c8cff"
                             item="#a2a2a2e6"
                             text="#000000"
                             text_sel="#ffffff"
                             show_shaded="TRUE"
                             shadetop="10"
                             shadedown="-10">
          </ThemeWidgetColors>
        </wcol_pie_menu>
        <wcol_tooltip>
          <ThemeWidgetColors outline="#111111"
                             inner="#676c75ff"
                             inner_sel="#2d2d2de6"
                             item="#656a73ff"
                             text="#fff0cf"
                             text_sel="#fdeecd"
                             show_shaded="FALSE"
                             shadetop="25"
                             shadedown="-20">
          </ThemeWidgetColors>
        </wcol_tooltip>
        <wcol_menu_item>
          <ThemeWidgetColors outline="#000000"
                             inner="#676c75ff"
                             inner_sel="#fbeccbff"
                             item="#656a73ff"
                             text="#fdeecd"
                             text_sel="#000000"
                             show_shaded="FALSE"
                             shadetop="20"
                             shadedown="-20">
          </ThemeWidgetColors>
        </wcol_menu_item>
        <wcol_scroll>
          <ThemeWidgetColors outline="#0d0d0d"
                             inner="#fff0cfff"
                             inner_sel="#83817bff"
                             item="#696e77ff"
                             text="#fdfdfd"
                             text_sel="#ffffff"
                             show_shaded="TRUE"
                             shadetop="35"
                             shadedown="-34">
          </ThemeWidgetColors>
        </wcol_scroll>
        <wcol_progress>
          <ThemeWidgetColors outline="#0b0b0b"
                             inner="#1b1f28ff"
                             inner_sel="#ff0000ff"
                             item="#fd0000ff"
                             text="#fdfdfd"
                             text_sel="#ffffff"
                             show_shaded="FALSE"
                             shadetop="-100"
                             shadedown="0">
          </ThemeWidgetColors>
        </wcol_progress>
        <wcol_list_item>
          <ThemeWidgetColors outline="#171b24"
                             inner="#676c75ff"
                             inner_sel="#fdeecdff"
                             item="#676c75ff"
                             text="#fff0cf"
                             text_sel="#000000"
                             show_shaded="FALSE"
                             shadetop="-100"
                             shadedown="0">
          </ThemeWidgetColors>
        </wcol_list_item>
        <wcol_state>
          <ThemeWidgetStateColors inner_anim="#56ff00"
                                  inner_anim_sel="#56ff00"
                                  inner_key="#fff400"
                                  inner_key_sel="#fff400"
                                  inner_driven="#629400"
                                  inner_driven_sel="#609200"
                                  blend="0.1">
          </ThemeWidgetStateColors>
        </wcol_state>
      </ThemeUserInterface>
    </user_interface>
    <view_3d>
      <ThemeView3D grid="#444444"
                   wire="#9eb6cd"
                   wire_edit="#22272d"
                   gp_vertex="#000000"
                   gp_vertex_select="#ff8500"
                   gp_vertex_size="3"
                   lamp="#ff000080"
                   speaker="#979797"
                   camera="#ff0000"
                   view_overlay="#000000"
                   empty="#fd0000"
                   object_selected="#dfc7a1"
                   object_active="#f6e4ba"
                   object_grouped="#1cae1c"
                   object_grouped_active="#55bb55"
                   transform="#ffffff"
                   vertex="#9cb4cb"
                   vertex_select="#f4e2b8"
                   vertex_size="3"
                   vertex_unreferenced="#000000"
                   edge_select="#f4e2b8"
                   edge_seam="#5300db"
                   edge_sharp="#fb0000"
                   edge_crease="#24a1ff"
                   edge_facesel="#797979"
                   freestyle_edge_mark="#7fff7f"
                   face="#9eb6cd33"
                   face_select="#bcb28c33"
                   face_dot="#f4e2b8"
                   facedot_size="3"
                   freestyle_face_mark="#7fff7f33"
                   nurb_uline="#909000"
                   nurb_vline="#803060"
                   nurb_sel_uline="#f0ff40"
                   nurb_sel_vline="#f090a0"
                   act_spline="#fb0000"
                   handle_free="#7f7f7f"
                   handle_auto="#909000"
                   handle_vect="#409030"
                   handle_sel_vect="#40c030"
                   handle_align="#804061"
                   handle_sel_free="#3b3b3b"
                   handle_sel_auto="#f0ff40"
                   handle_sel_align="#f07fae"
                   lastsel_point="#ffffff"
                   extra_edge_len="#ffedf8"
                   extra_edge_angle="#fd9700"
                   extra_face_angle="#d60000"
                   extra_face_area="#91a7c2"
                   editmesh_active="#ffffffff"
                   normal="#5ba4ed"
                   vertex_normal="#d60000"
                   split_normal="#dd23dd"
                   bone_solid="#c8c8c8"
                   bone_pose="#50c8ff"
                   bone_pose_active="#8cffff"
                   frame_current="#f6e824"
                   outline_width="1"
                   bundle_solid="#c8c8c8"
                   camera_path="#5a5a5a"
                   skin_root="#b44d4d"
                   clipping_border_3d="#313131ff"
                   text_keyframe="#ddd700"
                   text_grease_pencil="#b5e61d"
                   paint_curve_handle="#7fff7f7f"
                   paint_curve_pivot="#ff7f7f7f">
        <space>
          <ThemeSpaceGradient title="#ffffff"
                              text="#fff0cf"
                              text_hi="#ffffff"
                              header="#83817b"
                              header_text="#fdfdfd"
                              header_text_hi="#ffffff"
                              button="#83817bff"
                              button_title="#fff0cf"
                              button_text="#fff0cf"
                              button_text_hi="#ffffff"
                              tab_active="#656a73"
                              tab_inactive="#7f7d77"
                              tab_back="#83817bff"
                              tab_outline="#000000">
            <gradients>
              <ThemeGradientColors show_grad="FALSE"
                                   gradient="#191d26"
                                   high_gradient="#636871">
              </ThemeGradientColors>
            </gradients>
            <panelcolors>
              <ThemePanelColors header="#00000002"
                                back="#000000ff"
                                show_header="FALSE"
                                show_back="FALSE">
              </ThemePanelColors>
            </panelcolors>
          </ThemeSpaceGradient>
        </space>
      </ThemeView3D>
    </view_3d>
    <graph_editor>
      <ThemeGraphEditor grid="#262626"
                        frame_current="#336622"
                        window_sliders="#969696"
                        channels_region="#6d6d6d"
                        dopesheet_channel="#52606e"
                        dopesheet_subchannel="#7c8996"
                        channel_group="#4f6549"
                        active_channels_group="#87b17d"
                        vertex="#ffffff"
                        vertex_select="#ff8500"
                        vertex_size="3"
                        vertex_unreferenced="#000000"
                        handle_free="#808080"
                        handle_auto="#909000"
                        handle_vect="#409030"
                        handle_sel_vect="#40c030"
                        handle_align="#803060"
                        handle_sel_free="#808080"
                        handle_sel_auto="#f0ff40"
                        handle_sel_align="#f090a0"
                        handle_auto_clamped="#994030"
                        handle_sel_auto_clamped="#f0af90"
                        lastsel_point="#808080"
                        handle_vertex="#808080"
                        handle_vertex_select="#ff8500"
                        handle_vertex_size="3">
        <space>
          <ThemeSpaceGeneric back="#83817b"
                             title="#fff0cf"
                             text="#fff0cf"
                             text_hi="#ffffff"
                             header="#83817b"
                             header_text="#ffffff"
                             header_text_hi="#fff0cf"
                             button="#83817b7f"
                             button_title="#fff0cf"
                             button_text="#fff0cf"
                             button_text_hi="#ffffff"
                             tab_active="#676c75"
                             tab_inactive="#83817b"
                             tab_back="#83817bff"
                             tab_outline="#000000">
            <panelcolors>
              <ThemePanelColors header="#00000002"
                                back="#7272727f"
                                show_header="FALSE"
                                show_back="FALSE">
              </ThemePanelColors>
            </panelcolors>
          </ThemeSpaceGeneric>
        </space>
        <space_list>
          <ThemeSpaceListGeneric list="#83817b"
                                 list_title="#000000"
                                 list_text="#bbbbbb"
                                 list_text_hi="#ffffff">
          </ThemeSpaceListGeneric>
        </space_list>
      </ThemeGraphEditor>
    </graph_editor>
    <file_browser>
      <ThemeFileBrowser selected_file="#c7d3e4"
                        scrollbar="#656a73"
                        scroll_handle="#7f7070"
                        active_file="#636871"
                        active_file_text="#61666f">
        <space>
          <ThemeSpaceGeneric back="#5f646d"
                             title="#5d5d5d"
                             text="#ffe8d1"
                             text_hi="#ffffff"
                             header="#636871"
                             header_text="#ffffff"
                             header_text_hi="#ffffff"
                             button="#636871ff"
                             button_title="#ffffff"
                             button_text="#ffffff"
                             button_text_hi="#ffffff"
                             tab_active="#61666f"
                             tab_inactive="#83817b"
                             tab_back="#83817bff"
                             tab_outline="#000000">
            <panelcolors>
              <ThemePanelColors header="#00000002"
                                back="#7272727f"
                                show_header="FALSE"
                                show_back="FALSE">
              </ThemePanelColors>
            </panelcolors>
          </ThemeSpaceGeneric>
        </space>
        <space_list>
          <ThemeSpaceListGeneric list="#83817b"
                                 list_title="#fdeecd"
                                 list_text="#5d5d5d"
                                 list_text_hi="#ffffff">
          </ThemeSpaceListGeneric>
        </space_list>
      </ThemeFileBrowser>
    </file_browser>
    <nla_editor>
      <ThemeNLAEditor grid="#5e5e5e"
                      view_sliders="#969696"
                      active_action="#cc701a66"
                      active_action_unset="#9987614d"
                      strips="#aa8d8d"
                      strips_selected="#ff8c00"
                      transition_strips="#1c2630"
                      transition_strips_selected="#2e75db"
                      meta_strips="#332642"
                      meta_strips_selected="#692196"
                      sound_strips="#2b3d3d"
                      sound_strips_selected="#1f7a7a"
                      tweak="#4df31a"
                      tweak_duplicate="#d90000"
                      keyframe_border="#000000ff"
                      keyframe_border_selected="#000000ff"
                      frame_current="#2f6421">
        <space>
          <ThemeSpaceGeneric back="#83817b"
                             title="#585858"
                             text="#fff0cf"
                             text_hi="#ffffff"
                             header="#83817b"
                             header_text="#ffffff"
                             header_text_hi="#ffffff"
                             button="#83817b7f"
                             button_title="#f1f1f1"
                             button_text="#fff0cf"
                             button_text_hi="#ffffff"
                             tab_active="#676c75"
                             tab_inactive="#83817b"
                             tab_back="#83817bff"
                             tab_outline="#000000">
            <panelcolors>
              <ThemePanelColors header="#00000002"
                                back="#7272727f"
                                show_header="FALSE"
                                show_back="FALSE">
              </ThemePanelColors>
            </panelcolors>
          </ThemeSpaceGeneric>
        </space>
        <space_list>
          <ThemeSpaceListGeneric list="#83817b"
                                 list_title="#383838"
                                 list_text="#d8d8d8"
                                 list_text_hi="#ffffff">
          </ThemeSpaceListGeneric>
        </space_list>
      </ThemeNLAEditor>
    </nla_editor>
    <dopesheet_editor>
      <ThemeDopeSheet grid="#212121"
                      frame_current="#2a5c1c"
                      value_sliders="#000000"
                      view_sliders="#969696"
                      dopesheet_channel="#52606e"
                      dopesheet_subchannel="#7c8996"
                      channels="#707070"
                      channels_selected="#60c040"
                      channel_group="#4f6549"
                      active_channels_group="#87b17d"
                      long_key="#0c0a0a"
                      long_key_selected="#4798ff"
                      keyframe="#e8e8e8"
                      keyframe_selected="#ffbe32"
                      keyframe_extreme="#e8b3cc"
                      keyframe_extreme_selected="#f28080"
                      keyframe_breakdown="#b3dbe8"
                      keyframe_breakdown_selected="#54bfed"
                      keyframe_jitter="#94e575"
                      keyframe_jitter_selected="#61c042"
                      keyframe_border="#000000ff"
                      keyframe_border_selected="#000000ff"
                      summary="#767b83cc">
        <space>
          <ThemeSpaceGeneric back="#83817b"
                             title="#fbeccb"
                             text="#fff0cf"
                             text_hi="#fdeecd"
                             header="#83817b"
                             header_text="#5b5b5b"
                             header_text_hi="#fbeccb"
                             button="#83817b7f"
                             button_title="#fbeccb"
                             button_text="#fdeecd"
                             button_text_hi="#fbeccb"
                             tab_active="#676c75"
                             tab_inactive="#83817b"
                             tab_back="#83817bff"
                             tab_outline="#000000">
            <panelcolors>
              <ThemePanelColors header="#00000002"
                                back="#7272727f"
                                show_header="FALSE"
                                show_back="FALSE">
              </ThemePanelColors>
            </panelcolors>
          </ThemeSpaceGeneric>
        </space>
        <space_list>
          <ThemeSpaceListGeneric list="#83817b"
                                 list_title="#9c9c9c"
                                 list_text="#fbeccb"
                                 list_text_hi="#ffffff">
          </ThemeSpaceListGeneric>
        </space_list>
      </ThemeDopeSheet>
    </dopesheet_editor>
    <image_editor>
      <ThemeImageEditor gp_vertex="#000000"
                        gp_vertex_select="#ff8500"
                        gp_vertex_size="3"
                        vertex="#fffcfc"
                        vertex_select="#fb8d4a"
                        vertex_size="3"
                        vertex_unreferenced="#000000"
                        face="#ffffff0a"
                        face_select="#f98b483c"
                        face_dot="#fb8d4a"
                        facedot_size="3"
                        freestyle_face_mark="#7fff7f33"
                        editmesh_active="#ffffff80"
                        wire_edit="#c0c0c0"
                        edge_select="#fb8d4a"
                        scope_back="#050505ff"
                        preview_stitch_face="#1242b026"
                        preview_stitch_edge="#ff8500b2"
                        preview_stitch_vert="#ff85007f"
                        preview_stitch_stitchable="#00ff00ff"
                        preview_stitch_unstitchable="#ff0000ff"
                        preview_stitch_active="#e1d2c323"
                        uv_shadow="#707070ff"
                        uv_others="#606060ff"
                        frame_current="#60c040"
                        metadatabg="#000000"
                        metadatatext="#ffffff"
                        handle_free="#000000"
                        handle_auto="#909000"
                        handle_align="#803060"
                        handle_sel_free="#000000"
                        handle_sel_auto="#f0ff40"
                        handle_sel_align="#f090a0"
                        handle_auto_clamped="#000000"
                        handle_sel_auto_clamped="#000000"
                        handle_vertex="#000000"
                        handle_vertex_select="#ffff00"
                        handle_vertex_size="5"
                        paint_curve_handle="#7fff7f7f"
                        paint_curve_pivot="#ff7f7f7f">
        <space>
          <ThemeSpaceGeneric back="#83817b"
                             title="#5d5d5d"
                             text="#fff0cf"
                             text_hi="#ffffff"
                             header="#83817b"
                             header_text="#fdfdfd"
                             header_text_hi="#ffffff"
                             button="#83817b7f"
                             button_title="#c5c5c5"
                             button_text="#ffffff"
                             button_text_hi="#ffffff"
                             tab_active="#676c75"
                             tab_inactive="#817f79"
                             tab_back="#83817bff"
                             tab_outline="#000000">
            <panelcolors>
              <ThemePanelColors header="#00000002"
                                back="#7272727f"
                                show_header="FALSE"
                                show_back="FALSE">
              </ThemePanelColors>
            </panelcolors>
          </ThemeSpaceGeneric>
        </space>
      </ThemeImageEditor>
    </image_editor>
    <sequence_editor>
      <ThemeSequenceEditor gp_vertex="#000000"
                           gp_vertex_select="#ff8500"
                           gp_vertex_size="3"
                           grid="#282828"
                           window_sliders="#a0a0a0"
                           movie_strip="#516987"
                           movieclip_strip="#20208f"
                           image_strip="#6d5881"
                           scene_strip="#4e983e"
                           audio_strip="#2e8f8f"
                           effect_strip="#a9547c"
                           transition_strip="#a25f6f"
                           meta_strip="#6d9183"
                           text_strip="#a29700"
                           frame_current="#2f5f23"
                           keyframe="#ff8500"
                           draw_action="#50c8ff"
                           preview_back="#000000"
                           metadatabg="#000000"
                           metadatatext="#ffffff">
        <space>
          <ThemeSpaceGeneric back="#abaaa6"
                             title="#5d5d5d"
                             text="#f3f3f3"
                             text_hi="#ffffff"
                             header="#83817b"
                             header_text="#f3f3f3"
                             header_text_hi="#ffffff"
                             button="#1b1f287f"
                             button_title="#fdfdfd"
                             button_text="#dddddd"
                             button_text_hi="#ffffff"
                             tab_active="#676c75"
                             tab_inactive="#83817b"
                             tab_back="#83817bff"
                             tab_outline="#000000">
            <panelcolors>
              <ThemePanelColors header="#00000002"
                                back="#7272727f"
                                show_header="FALSE"
                                show_back="FALSE">
              </ThemePanelColors>
            </panelcolors>
          </ThemeSpaceGeneric>
        </space>
      </ThemeSequenceEditor>
    </sequence_editor>
    <properties>
      <ThemeProperties>
        <space>
          <ThemeSpaceGeneric back="#83817b"
                             title="#eedab0"
                             text="#f0dcb2"
                             text_hi="#ffffff"
                             header="#83817b"
                             header_text="#ffffff"
                             header_text_hi="#ffffff"
                             button="#83817bff"
                             button_title="#ffffff"
                             button_text="#ecd8ae"
                             button_text_hi="#ffffff"
                             tab_active="#83817b"
                             tab_inactive="#6a6f77"
                             tab_back="#83817bff"
                             tab_outline="#191d26">
            <panelcolors>
              <ThemePanelColors header="#00000002"
                                back="#7272727f"
                                show_header="FALSE"
                                show_back="FALSE">
              </ThemePanelColors>
            </panelcolors>
          </ThemeSpaceGeneric>
        </space>
      </ThemeProperties>
    </properties>
    <text_editor>
      <ThemeTextEditor line_numbers_background="#191919"
                       selected_text="#faf4ff"
                       cursor="#83817b"
                       syntax_builtin="#cf3d99"
                       syntax_symbols="#4c4c4c"
                       syntax_special="#969629"
                       syntax_preprocessor="#32008c"
                       syntax_reserved="#8c3c00"
                       syntax_comment="#249d60"
                       syntax_string="#cc3535"
                       syntax_numbers="#3c68ff">
        <space>
          <ThemeSpaceGeneric back="#83817b"
                             title="#9e9e9e"
                             text="#fff0cf"
                             text_hi="#fff0cf"
                             header="#83817b"
                             header_text="#fff0cf"
                             header_text_hi="#fff0cf"
                             button="#1b1f287f"
                             button_title="#fff0cf"
                             button_text="#fff0cf"
                             button_text_hi="#fff0cf"
                             tab_active="#676c75"
                             tab_inactive="#83817b"
                             tab_back="#83817bff"
                             tab_outline="#191d26">
            <panelcolors>
              <ThemePanelColors header="#00000002"
                                back="#7272727f"
                                show_header="FALSE"
                                show_back="FALSE">
              </ThemePanelColors>
            </panelcolors>
          </ThemeSpaceGeneric>
        </space>
      </ThemeTextEditor>
    </text_editor>
    <timeline>
      <ThemeTimeline grid="#2e2f34"
                     frame_current="#be0000"
                     time_keyframe="#ddd700"
                     time_grease_pencil="#b5e61d">
        <space>
          <ThemeSpaceGeneric back="#696e76"
                             title="#ffffff"
                             text="#fff0cf"
                             text_hi="#ffffff"
                             header="#83817b"
                             header_text="#ffffff"
                             header_text_hi="#ffffff"
                             button="#4444447f"
                             button_title="#ffffff"
                             button_text="#dbd8d8"
                             button_text_hi="#fafafa"
                             tab_active="#6b7078"
                             tab_inactive="#6d727a"
                             tab_back="#83817bff"
                             tab_outline="#000000">
            <panelcolors>
              <ThemePanelColors header="#00000002"
                                back="#7272727f"
                                show_header="FALSE"
                                show_back="FALSE">
              </ThemePanelColors>
            </panelcolors>
          </ThemeSpaceGeneric>
        </space>
      </ThemeTimeline>
    </timeline>
    <node_editor>
      <ThemeNodeEditor gp_vertex="#000000"
                       gp_vertex_select="#ff8500"
                       gp_vertex_size="3"
                       node_selected="#bebebe"
                       node_active="#ffffff"
                       wire="#fff0cf"
                       wire_inner="#737373"
                       wire_select="#fff0cf"
                       selected_text="#7f7070"
                       node_backdrop="#4a4b5aff"
                       converter_node="#005fa5"
                       color_node="#ac0900"
                       group_node="#253b5c"
                       group_socket_node="#dfbb2e"
                       frame_node="#9b9b9ba0"
                       matte_node="#7200b7"
                       distor_node="#6eadb7"
                       noodle_curving="10"
                       input_node="#ff5b00"
                       output_node="#191d26"
                       filter_node="#cf0097"
                       vector_node="#1edd00"
                       texture_node="#002cd7"
                       shader_node="#ff0000"
                       script_node="#562619"
                       pattern_node="#6ab5e4"
                       layout_node="#cb7c00">
        <space>
          <ThemeSpaceGeneric back="#656a73"
                             title="#ffffff"
                             text="#ffffff"
                             text_hi="#ffffff"
                             header="#83817b"
                             header_text="#fdfdfd"
                             header_text_hi="#ffffff"
                             button="#83817b7f"
                             button_title="#ffffff"
                             button_text="#ffffff"
                             button_text_hi="#ffffff"
                             tab_active="#676c75"
                             tab_inactive="#83817b"
                             tab_back="#83817bff"
                             tab_outline="#000000">
            <panelcolors>
              <ThemePanelColors header="#00000002"
                                back="#7272727f"
                                show_header="FALSE"
                                show_back="FALSE">
              </ThemePanelColors>
            </panelcolors>
          </ThemeSpaceGeneric>
        </space>
        <space_list>
          <ThemeSpaceListGeneric list="#a5a5a5"
                                 list_title="#ffffff"
                                 list_text="#ffffff"
                                 list_text_hi="#b8ffff">
          </ThemeSpaceListGeneric>
        </space_list>
      </ThemeNodeEditor>
    </node_editor>
    <logic_editor>
      <ThemeLogicEditor>
        <space>
          <ThemeSpaceGeneric back="#aaa9a5"
                             title="#5d5d5d"
                             text="#fafafa"
                             text_hi="#ffffff"
                             header="#83817b"
                             header_text="#fdfdfd"
                             header_text_hi="#ffffff"
                             button="#83817b7f"
                             button_title="#fdfdfd"
                             button_text="#c3c3c3"
                             button_text_hi="#ffffff"
                             tab_active="#676c75"
                             tab_inactive="#83817b"
                             tab_back="#83817bff"
                             tab_outline="#191d26">
            <panelcolors>
              <ThemePanelColors header="#00000002"
                                back="#7272727f"
                                show_header="FALSE"
                                show_back="FALSE">
              </ThemePanelColors>
            </panelcolors>
          </ThemeSpaceGeneric>
        </space>
      </ThemeLogicEditor>
    </logic_editor>
    <outliner>
      <ThemeOutliner match="#30b5e9"
                     selected_highlight="#696e77">
        <space>
          <ThemeSpaceGeneric back="#83817b"
                             title="#9b9b9b"
                             text="#000000"
                             text_hi="#fff0cf"
                             header="#83817b"
                             header_text="#ffffff"
                             header_text_hi="#ffffff"
                             button="#999999ff"
                             button_title="#000000"
                             button_text="#fdfdfd"
                             button_text_hi="#ffffff"
                             tab_active="#676c75"
                             tab_inactive="#83817b"
                             tab_back="#83817bff"
                             tab_outline="#000000">
            <panelcolors>
              <ThemePanelColors header="#00000002"
                                back="#7272727f"
                                show_header="FALSE"
                                show_back="FALSE">
              </ThemePanelColors>
            </panelcolors>
          </ThemeSpaceGeneric>
        </space>
      </ThemeOutliner>
    </outliner>
    <info>
      <ThemeInfo info_selected="#6080ff"
                 info_selected_text="#ffffff"
                 info_error="#dc0000"
                 info_error_text="#000000"
                 info_warning="#dc8060"
                 info_warning_text="#000000"
                 info_info="#00aa00"
                 info_info_text="#000000"
                 info_debug="#c4c4c4"
                 info_debug_text="#000000">
        <space>
          <ThemeSpaceGeneric back="#83817b"
                             title="#ffffff"
                             text="#fff0cf"
                             text_hi="#ffffff"
                             header="#83817b"
                             header_text="#ffffff"
                             header_text_hi="#ffffff"
                             button="#83817bff"
                             button_title="#ffffff"
                             button_text="#ffffff"
                             button_text_hi="#ffffff"
                             tab_active="#676c75"
                             tab_inactive="#83817b"
                             tab_back="#83817bff"
                             tab_outline="#000000">
            <panelcolors>
              <ThemePanelColors header="#21252c02"
                                back="#7272727f"
                                show_header="FALSE"
                                show_back="FALSE">
              </ThemePanelColors>
            </panelcolors>
          </ThemeSpaceGeneric>
        </space>
      </ThemeInfo>
    </info>
    <user_preferences>
      <ThemeUserPreferences>
        <space>
          <ThemeSpaceGeneric back="#83817b"
                             title="#5d5d5d"
                             text="#fff0cf"
                             text_hi="#5d5d5d"
                             header="#83817b"
                             header_text="#fbeccb"
                             header_text_hi="#f9eac9"
                             button="#0000007f"
                             button_title="#fff0cf"
                             button_text="#fbeccb"
                             button_text_hi="#fdeecd"
                             tab_active="#656a73"
                             tab_inactive="#83817b"
                             tab_back="#83817bff"
                             tab_outline="#000000">
            <panelcolors>
              <ThemePanelColors header="#00000002"
                                back="#7272727f"
                                show_header="FALSE"
                                show_back="FALSE">
              </ThemePanelColors>
            </panelcolors>
          </ThemeSpaceGeneric>
        </space>
      </ThemeUserPreferences>
    </user_preferences>
    <console>
      <ThemeConsole line_output="#212226"
                    line_input="#ffffff"
                    line_info="#608cd6"
                    line_error="#dc221c"
                    cursor="#f2eee3"
                    select="#ffffff30">
        <space>
          <ThemeSpaceGeneric back="#83817b"
                             title="#5d5d5d"
                             text="#ffffff"
                             text_hi="#ffffff"
                             header="#83817b"
                             header_text="#ffffff"
                             header_text_hi="#ffffff"
                             button="#83817b7f"
                             button_title="#ffffff"
                             button_text="#ffffff"
                             button_text_hi="#ffffff"
                             tab_active="#676c75"
                             tab_inactive="#83817b"
                             tab_back="#83817bff"
                             tab_outline="#000000">
            <panelcolors>
              <ThemePanelColors header="#00000002"
                                back="#7272727f"
                                show_header="FALSE"
                                show_back="FALSE">
              </ThemePanelColors>
            </panelcolors>
          </ThemeSpaceGeneric>
        </space>
      </ThemeConsole>
    </console>
    <clip_editor>
      <ThemeClipEditor gp_vertex="#000000"
                       gp_vertex_select="#000000"
                       gp_vertex_size="1"
                       marker_outline="#0094af"
                       marker="#7f7f00"
                       active_marker="#ffffff"
                       selected_marker="#ffff00"
                       disabled_marker="#7f0000"
                       locked_marker="#7f7f7f"
                       path_before="#ff0000"
                       path_after="#0000ff"
                       frame_current="#1b501b"
                       strips="#0c0a0a"
                       strips_selected="#ff8c00"
                       handle_free="#000000"
                       handle_auto="#909000"
                       handle_align="#803060"
                       handle_sel_free="#000000"
                       handle_sel_auto="#f0ff40"
                       handle_sel_align="#f090a0"
                       handle_auto_clamped="#000000"
                       handle_sel_auto_clamped="#000000"
                       handle_vertex="#e2e2e2"
                       handle_vertex_select="#ffff00"
                       handle_vertex_size="4">
        <space>
          <ThemeSpaceGeneric back="#1b1f28"
                             title="#5d5d5d"
                             text="#ffffff"
                             text_hi="#ffffff"
                             header="#83817b"
                             header_text="#ffffff"
                             header_text_hi="#ffffff"
                             button="#1b1f287f"
                             button_title="#ffffff"
                             button_text="#ffffff"
                             button_text_hi="#ffffff"
                             tab_active="#676c75"
                             tab_inactive="#83817b"
                             tab_back="#83817bff"
                             tab_outline="#000000">
            <panelcolors>
              <ThemePanelColors header="#00000002"
                                back="#7272727f"
                                show_header="FALSE"
                                show_back="FALSE">
              </ThemePanelColors>
            </panelcolors>
          </ThemeSpaceGeneric>
        </space>
        <space_list>
          <ThemeSpaceListGeneric list="#666666"
                                 list_title="#000000"
                                 list_text="#000000"
                                 list_text_hi="#ffffff">
          </ThemeSpaceListGeneric>
        </space_list>
      </ThemeClipEditor>
    </clip_editor>
    <bone_color_sets>
      <ThemeBoneColorSet normal="#9a0000"
                         select="#bd1111"
                         active="#f70a0a"
                         show_colored_constraints="FALSE">
      </ThemeBoneColorSet>
      <ThemeBoneColorSet normal="#f74018"
                         select="#f66913"
                         active="#fa9900"
                         show_colored_constraints="FALSE">
      </ThemeBoneColorSet>
      <ThemeBoneColorSet normal="#1e9109"
                         select="#59b70b"
                         active="#83ef1d"
                         show_colored_constraints="FALSE">
      </ThemeBoneColorSet>
      <ThemeBoneColorSet normal="#0a3694"
                         select="#3667df"
                         active="#5ec1ef"
                         show_colored_constraints="FALSE">
      </ThemeBoneColorSet>
      <ThemeBoneColorSet normal="#a9294e"
                         select="#c1416a"
                         active="#f05d91"
                         show_colored_constraints="FALSE">
      </ThemeBoneColorSet>
      <ThemeBoneColorSet normal="#430c78"
                         select="#543aa3"
                         active="#8764d5"
                         show_colored_constraints="FALSE">
      </ThemeBoneColorSet>
      <ThemeBoneColorSet normal="#24785a"
                         select="#3c9579"
                         active="#6fb6ab"
                         show_colored_constraints="FALSE">
      </ThemeBoneColorSet>
      <ThemeBoneColorSet normal="#4b707c"
                         select="#6a8691"
                         active="#9bc2cd"
                         show_colored_constraints="FALSE">
      </ThemeBoneColorSet>
      <ThemeBoneColorSet normal="#f4c90c"
                         select="#eec236"
                         active="#f3ff00"
                         show_colored_constraints="FALSE">
      </ThemeBoneColorSet>
      <ThemeBoneColorSet normal="#1e2024"
                         select="#484c56"
                         active="#ffffff"
                         show_colored_constraints="FALSE">
      </ThemeBoneColorSet>
      <ThemeBoneColorSet normal="#6f2f6a"
                         select="#9845be"
                         active="#d330d6"
                         show_colored_constraints="FALSE">
      </ThemeBoneColorSet>
      <ThemeBoneColorSet normal="#6c8e22"
                         select="#7fb022"
                         active="#bbef5b"
                         show_colored_constraints="FALSE">
      </ThemeBoneColorSet>
      <ThemeBoneColorSet normal="#8d8d8d"
                         select="#b0b0b0"
                         active="#dedede"
                         show_colored_constraints="FALSE">
      </ThemeBoneColorSet>
      <ThemeBoneColorSet normal="#834326"
                         select="#8b5811"
                         active="#bd6a11"
                         show_colored_constraints="FALSE">
      </ThemeBoneColorSet>
      <ThemeBoneColorSet normal="#08310e"
                         select="#1c430b"
                         active="#34622b"
                         show_colored_constraints="FALSE">
      </ThemeBoneColorSet>
      <ThemeBoneColorSet normal="#000000"
                         select="#000000"
                         active="#000000"
                         show_colored_constraints="FALSE">
      </ThemeBoneColorSet>
      <ThemeBoneColorSet normal="#000000"
                         select="#000000"
                         active="#000000"
                         show_colored_constraints="FALSE">
      </ThemeBoneColorSet>
      <ThemeBoneColorSet normal="#000000"
                         select="#000000"
                         active="#000000"
                         show_colored_constraints="FALSE">
      </ThemeBoneColorSet>
      <ThemeBoneColorSet normal="#000000"
                         select="#000000"
                         active="#000000"
                         show_colored_constraints="FALSE">
      </ThemeBoneColorSet>
      <ThemeBoneColorSet normal="#000000"
                         select="#000000"
                         active="#000000"
                         show_colored_constraints="FALSE">
      </ThemeBoneColorSet>
    </bone_color_sets>
  </Theme>
  <ThemeStyle>
    <panel_title>
      <ThemeFontStyle points="12"
                      font_kerning_style="FITTED"
                      shadow="1"
                      shadow_offset_x="0"
                      shadow_offset_y="-1"
                      shadow_alpha="0.15"
                      shadow_value="1">
      </ThemeFontStyle>
    </panel_title>
    <widget_label>
      <ThemeFontStyle points="11"
                      font_kerning_style="FITTED"
                      shadow="3"
                      shadow_offset_x="0"
                      shadow_offset_y="-1"
                      shadow_alpha="0.15"
                      shadow_value="1">
      </ThemeFontStyle>
    </widget_label>
    <widget>
      <ThemeFontStyle points="11"
                      font_kerning_style="FITTED"
                      shadow="0"
                      shadow_offset_x="0"
                      shadow_offset_y="0"
                      shadow_alpha="0.25"
                      shadow_value="0">
      </ThemeFontStyle>
    </widget>
  </ThemeStyle>
</bpy>
