<bpy>
  <Theme>
    <user_interface>
      <ThemeUserInterface menu_shadow_fac="0.5"
                          menu_shadow_width="12"
                          icon_file=""
                          icon_alpha="1"
                          widget_emboss="#ffffff05"
                          axis_x="#801a1a"
                          axis_y="#1a801a"
                          axis_z="#1a1a80">
        <wcol_regular>
          <ThemeWidgetColors outline="#303030"
                             inner="#3d4b59b5"
                             inner_sel="#4179b8ff"
                             item="#1e252cb5"
                             text="#b8b8b8"
                             text_sel="#ffffff"
                             show_shaded="TRUE"
                             shadetop="10"
                             shadedown="-30">
          </ThemeWidgetColors>
        </wcol_regular>
        <wcol_tool>
          <ThemeWidgetColors outline="#303030"
                             inner="#2d4463b5"
                             inner_sel="#4179b8ff"
                             item="#1e252cb5"
                             text="#b8b8b8"
                             text_sel="#ffffff"
                             show_shaded="TRUE"
                             shadetop="10"
                             shadedown="-30">
          </ThemeWidgetColors>
        </wcol_tool>
        <wcol_radio>
          <ThemeWidgetColors outline="#303030"
                             inner="#3d4b59b5"
                             inner_sel="#4179b8ff"
                             item="#1e252cb5"
                             text="#b8b8b8"
                             text_sel="#ffffff"
                             show_shaded="TRUE"
                             shadetop="10"
                             shadedown="-30">
          </ThemeWidgetColors>
        </wcol_radio>
        <wcol_text>
          <ThemeWidgetColors outline="#303030"
                             inner="#3d4b59b5"
                             inner_sel="#4179b8ff"
                             item="#1e252cb5"
                             text="#b8b8b8"
                             text_sel="#ffffff"
                             show_shaded="TRUE"
                             shadetop="10"
                             shadedown="-30">
          </ThemeWidgetColors>
        </wcol_text>
        <wcol_option>
          <ThemeWidgetColors outline="#303030"
                             inner="#3d4b59b5"
                             inner_sel="#4179b8ff"
                             item="#ffecd7b5"
                             text="#b8b8b8"
                             text_sel="#ffffff"
                             show_shaded="TRUE"
                             shadetop="10"
                             shadedown="-30">
          </ThemeWidgetColors>
        </wcol_option>
        <wcol_toggle>
          <ThemeWidgetColors outline="#303030"
                             inner="#3d4b59b5"
                             inner_sel="#4179b8ff"
                             item="#1e252cb5"
                             text="#b8b8b8"
                             text_sel="#ffffff"
                             show_shaded="TRUE"
                             shadetop="10"
                             shadedown="-30">
          </ThemeWidgetColors>
        </wcol_toggle>
        <wcol_num>
          <ThemeWidgetColors outline="#303030"
                             inner="#3d4b59b5"
                             inner_sel="#4179b8ff"
                             item="#768dabff"
                             text="#b8b8b8"
                             text_sel="#ffffff"
                             show_shaded="TRUE"
                             shadetop="10"
                             shadedown="-30">
          </ThemeWidgetColors>
        </wcol_num>
        <wcol_numslider>
          <ThemeWidgetColors outline="#303030"
                             inner="#3d4b59b5"
                             inner_sel="#4179b8ff"
                             item="#1e252cb5"
                             text="#b8b8b8"
                             text_sel="#ffffff"
                             show_shaded="TRUE"
                             shadetop="10"
                             shadedown="-30">
          </ThemeWidgetColors>
        </wcol_numslider>
        <wcol_box>
          <ThemeWidgetColors outline="#303030"
                             inner="#3d4b59b5"
                             inner_sel="#4179b8ff"
                             item="#1e252cb5"
                             text="#b8b8b8"
                             text_sel="#ffffff"
                             show_shaded="TRUE"
                             shadetop="10"
                             shadedown="-30">
          </ThemeWidgetColors>
        </wcol_box>
        <wcol_menu>
          <ThemeWidgetColors outline="#303030"
                             inner="#1e2e41ff"
                             inner_sel="#4179b8ff"
                             item="#97b5daff"
                             text="#b8b8b8"
                             text_sel="#ffffff"
                             show_shaded="TRUE"
                             shadetop="10"
                             shadedown="-30">
          </ThemeWidgetColors>
        </wcol_menu>
        <wcol_pulldown>
          <ThemeWidgetColors outline="#303030"
                             inner="#3d4b59ff"
                             inner_sel="#4179b8ff"
                             item="#1e252cff"
                             text="#b8b8b8"
                             text_sel="#ffffff"
                             show_shaded="TRUE"
                             shadetop="10"
                             shadedown="-30">
          </ThemeWidgetColors>
        </wcol_pulldown>
        <wcol_menu_back>
          <ThemeWidgetColors outline="#303030"
                             inner="#3d4b59e6"
                             inner_sel="#4179b8ff"
                             item="#1e252cff"
                             text="#b8b8b8"
                             text_sel="#ffffff"
                             show_shaded="TRUE"
                             shadetop="10"
                             shadedown="-30">
          </ThemeWidgetColors>
        </wcol_menu_back>
        <wcol_pie_menu>
          <ThemeWidgetColors outline="#000000"
                             inner="#3d4b59e6"
                             inner_sel="#29476dff"
                             item="#4179b8ad"
                             text="#b8b8b8"
                             text_sel="#ffffff"
                             show_shaded="TRUE"
                             shadetop="10"
                             shadedown="-30">
          </ThemeWidgetColors>
        </wcol_pie_menu>
        <wcol_tooltip>
          <ThemeWidgetColors outline="#303030"
                             inner="#3d4b59e6"
                             inner_sel="#4179b8ff"
                             item="#1e2528e6"
                             text="#dadada"
                             text_sel="#ffffff"
                             show_shaded="TRUE"
                             shadetop="10"
                             shadedown="-30">
          </ThemeWidgetColors>
        </wcol_tooltip>
        <wcol_menu_item>
          <ThemeWidgetColors outline="#303030"
                             inner="#3d4b59b5"
                             inner_sel="#4179b8ff"
                             item="#1e252cb5"
                             text="#b8b8b8"
                             text_sel="#ffffff"
                             show_shaded="TRUE"
                             shadetop="10"
                             shadedown="-30">
          </ThemeWidgetColors>
        </wcol_menu_item>
        <wcol_scroll>
          <ThemeWidgetColors outline="#2d2d2d"
                             inner="#376fa91a"
                             inner_sel="#85b9ef77"
                             item="#264b7079"
                             text="#cccccc"
                             text_sel="#ffffff"
                             show_shaded="TRUE"
                             shadetop="10"
                             shadedown="-10">
          </ThemeWidgetColors>
        </wcol_scroll>
        <wcol_progress>
          <ThemeWidgetColors outline="#000000"
                             inner="#bebebeff"
                             inner_sel="#646464b4"
                             item="#444444ff"
                             text="#d3d3d3"
                             text_sel="#ffffff"
                             show_shaded="TRUE"
                             shadetop="10"
                             shadedown="-10">
          </ThemeWidgetColors>
        </wcol_progress>
        <wcol_list_item>
          <ThemeWidgetColors outline="#000000"
                             inner="#3e79b600"
                             inner_sel="#1d4f81b7"
                             item="#1e252cb5"
                             text="#cecece"
                             text_sel="#ffffff"
                             show_shaded="TRUE"
                             shadetop="-35"
                             shadedown="20">
          </ThemeWidgetColors>
        </wcol_list_item>
        <wcol_state>
          <ThemeWidgetStateColors inner_anim="#339900"
                                  inner_anim_sel="#2b8000"
                                  inner_key="#999300"
                                  inner_key_sel="#666200"
                                  inner_driven="#b400ff"
                                  inner_driven_sel="#9900e6"
                                  blend="0.5">
          </ThemeWidgetStateColors>
        </wcol_state>
      </ThemeUserInterface>
    </user_interface>
    <view_3d>
      <ThemeView3D grid="#000000"
                   wire="#5c8ca3"
                   wire_edit="#8a8a8a"
                   gp_vertex="#000000"
                   gp_vertex_select="#ff8500"
                   gp_vertex_size="3"
                   lamp="#d6df1628"
                   speaker="#a83f2d"
                   camera="#000000"
                   view_overlay="#000000"
                   empty="#a78721"
                   object_selected="#0ea9ff"
                   object_active="#80b5ff"
                   object_grouped="#083008"
                   object_grouped_active="#55bb55"
                   transform="#ffffff"
                   vertex="#657780"
                   vertex_select="#00cccb"
                   vertex_size="3"
                   vertex_unreferenced="#9b9b9b"
                   edge_select="#00bebb"
                   edge_seam="#db2512"
                   edge_sharp="#00ffff"
                   edge_crease="#cc0099"
                   edge_facesel="#4b4b4b"
                   freestyle_edge_mark="#7fff7f"
                   face="#58585836"
                   face_select="#3f9ca473"
                   face_dot="#adbeb6"
                   facedot_size="3"
                   freestyle_face_mark="#7fff7f33"
                   nurb_uline="#909000"
                   nurb_vline="#803060"
                   nurb_sel_uline="#f0ff40"
                   nurb_sel_vline="#f090a0"
                   act_spline="#db2512"
                   handle_free="#000000"
                   handle_auto="#909000"
                   handle_vect="#409030"
                   handle_sel_vect="#40c030"
                   handle_align="#803060"
                   handle_sel_free="#000000"
                   handle_sel_auto="#f0ff40"
                   handle_sel_align="#f090a0"
                   lastsel_point="#ffffff"
                   extra_edge_len="#00b7c2"
                   extra_edge_angle="#acacac"
                   extra_face_angle="#53b9ff"
                   extra_face_area="#005300"
                   editmesh_active="#00ffcda7"
                   normal="#1fbebe"
                   vertex_normal="#2361dd"
                   split_normal="#dd23dd"
                   bone_solid="#899980"
                   bone_pose="#50c8ff"
                   bone_pose_active="#8cffff"
                   frame_current="#60c040"
                   outline_width="1"
                   bundle_solid="#c8c8c8"
                   camera_path="#000000"
                   skin_root="#000000"
                   clipping_border_3d="#313131ff"
                   text_keyframe="#ddd700"
                   text_grease_pencil="#b5e61d"
                   paint_curve_handle="#7fff7f7f"
                   paint_curve_pivot="#ff7f7f7f">
        <space>
          <ThemeSpaceGradient title="#000000"
                              text="#b8b8b8"
                              text_hi="#e9e9e9"
                              header="#1f2a35"
                              header_text="#b9b9b9"
                              header_text_hi="#ffffff"
                              button="#1d232980"
                              button_title="#979797"
                              button_text="#bbbbbb"
                              button_text_hi="#ffffff"
                              tab_active="#223950"
                              tab_inactive="#1d2329"
                              tab_back="#1d2329ff"
                              tab_outline="#36547a">
            <gradients>
              <ThemeGradientColors show_grad="TRUE"
                                   gradient="#0f0f0f"
                                   high_gradient="#42505e">
              </ThemeGradientColors>
            </gradients>
            <panelcolors>
              <ThemePanelColors header="#00000000"
                                back="#282828b0"
                                show_header="FALSE"
                                show_back="FALSE">
              </ThemePanelColors>
            </panelcolors>
          </ThemeSpaceGradient>
        </space>
      </ThemeView3D>
    </view_3d>
    <graph_editor>
      <ThemeGraphEditor grid="#5a7b8a"
                        frame_current="#60c040"
                        window_sliders="#969696"
                        channels_region="#8a8a8a"
                        dopesheet_channel="#52606e"
                        dopesheet_subchannel="#545d66"
                        channel_group="#4f6549"
                        active_channels_group="#87b17d"
                        vertex="#000000"
                        vertex_select="#ff8500"
                        vertex_size="3"
                        vertex_unreferenced="#000000"
                        handle_free="#000000"
                        handle_auto="#909000"
                        handle_vect="#409030"
                        handle_sel_vect="#40c030"
                        handle_align="#803060"
                        handle_sel_free="#000000"
                        handle_sel_auto="#f0ff40"
                        handle_sel_align="#f090a0"
                        handle_auto_clamped="#994030"
                        handle_sel_auto_clamped="#f0af90"
                        lastsel_point="#ffffff"
                        handle_vertex="#000000"
                        handle_vertex_select="#ff8500"
                        handle_vertex_size="4">
        <space>
          <ThemeSpaceGeneric back="#1d2329"
                             title="#8b8b8b"
                             text="#ffffff"
                             text_hi="#ffffff"
                             header="#1f2a35"
                             header_text="#000000"
                             header_text_hi="#ffffff"
                             button="#1d2329ff"
                             button_title="#b8b8b8"
                             button_text="#8b8b8b"
                             button_text_hi="#ffffff"
                             tab_active="#6c717f"
                             tab_inactive="#565b65"
                             tab_back="#555961ff"
                             tab_outline="#2d2d32">
            <panelcolors>
              <ThemePanelColors header="#00000019"
                                back="#72727280"
                                show_header="FALSE"
                                show_back="FALSE">
              </ThemePanelColors>
            </panelcolors>
          </ThemeSpaceGeneric>
        </space>
        <space_list>
          <ThemeSpaceListGeneric list="#1d2329"
                                 list_title="#8b8b8b"
                                 list_text="#cecece"
                                 list_text_hi="#ffffff">
          </ThemeSpaceListGeneric>
        </space_list>
      </ThemeGraphEditor>
    </graph_editor>
    <file_browser>
      <ThemeFileBrowser selected_file="#755129"
                        scrollbar="#a0a0a0"
                        scroll_handle="#7f7070"
                        active_file="#828282"
                        active_file_text="#fafafa">
        <space>
          <ThemeSpaceGeneric back="#1d2329"
                             title="#8b8b8b"
                             text="#cacaca"
                             text_hi="#0f0f0f"
                             header="#202b36"
                             header_text="#8b8b8b"
                             header_text_hi="#ffffff"
                             button="#1d2329ff"
                             button_title="#000000"
                             button_text="#000000"
                             button_text_hi="#ffffff"
                             tab_active="#6c717f"
                             tab_inactive="#565b65"
                             tab_back="#4b5058ff"
                             tab_outline="#2d2d32">
            <panelcolors>
              <ThemePanelColors header="#00000019"
                                back="#47556180"
                                show_header="FALSE"
                                show_back="FALSE">
              </ThemePanelColors>
            </panelcolors>
          </ThemeSpaceGeneric>
        </space>
        <space_list>
          <ThemeSpaceListGeneric list="#1d2329"
                                 list_title="#8b8b8b"
                                 list_text="#8b8b8b"
                                 list_text_hi="#ffffff">
          </ThemeSpaceListGeneric>
        </space_list>
      </ThemeFileBrowser>
    </file_browser>
    <nla_editor>
      <ThemeNLAEditor grid="#5e5e5e"
                      view_sliders="#969696"
                      active_action="#cc701a66"
                      active_action_unset="#9987614d"
                      strips="#0c0a0a"
                      strips_selected="#ff8c00"
                      transition_strips="#1c2630"
                      transition_strips_selected="#2e75db"
                      meta_strips="#332642"
                      meta_strips_selected="#692196"
                      sound_strips="#2b3d3d"
                      sound_strips_selected="#1f7a7a"
                      tweak="#4df31a"
                      tweak_duplicate="#d90000"
                      keyframe_border="#000000ff"
                      keyframe_border_selected="#000000ff"
                      frame_current="#60c040">
        <space>
          <ThemeSpaceGeneric back="#1d2329"
                             title="#8b8b8b"
                             text="#ffffff"
                             text_hi="#ffffff"
                             header="#1f2a35"
                             header_text="#000000"
                             header_text_hi="#ffffff"
                             button="#1d2329ff"
                             button_title="#cecece"
                             button_text="#a7a7a7"
                             button_text_hi="#ffffff"
                             tab_active="#6c717f"
                             tab_inactive="#565b65"
                             tab_back="#4b5058ff"
                             tab_outline="#2d2d32">
            <panelcolors>
              <ThemePanelColors header="#00000005"
                                back="#1d232980"
                                show_header="FALSE"
                                show_back="FALSE">
              </ThemePanelColors>
            </panelcolors>
          </ThemeSpaceGeneric>
        </space>
        <space_list>
          <ThemeSpaceListGeneric list="#1d2329"
                                 list_title="#1f2a35"
                                 list_text="#cccccc"
                                 list_text_hi="#ffffff">
          </ThemeSpaceListGeneric>
        </space_list>
      </ThemeNLAEditor>
    </nla_editor>
    <dopesheet_editor>
      <ThemeDopeSheet grid="#585858"
                      frame_current="#60c040"
                      value_sliders="#000000"
                      view_sliders="#969696"
                      dopesheet_channel="#52606e"
                      dopesheet_subchannel="#7c8996"
                      channels="#707070"
                      channels_selected="#60c040"
                      channel_group="#4f6549"
                      active_channels_group="#87b17d"
                      long_key="#0c0a0a"
                      long_key_selected="#ff8c00"
                      keyframe="#e8e8e8"
                      keyframe_selected="#ffbe32"
                      keyframe_extreme="#e8b3cc"
                      keyframe_extreme_selected="#f28080"
                      keyframe_breakdown="#b3dbe8"
                      keyframe_breakdown_selected="#54bfed"
                      keyframe_jitter="#94e575"
                      keyframe_jitter_selected="#61c042"
                      keyframe_border="#000000ff"
                      keyframe_border_selected="#000000ff"
                      summary="#3d566887">
        <space>
          <ThemeSpaceGeneric back="#1d2329"
                             title="#000000"
                             text="#ffffff"
                             text_hi="#ffffff"
                             header="#202b36"
                             header_text="#000000"
                             header_text_hi="#ffffff"
                             button="#aaaaaaff"
                             button_title="#000000"
                             button_text="#000000"
                             button_text_hi="#ffffff"
                             tab_active="#6c717f"
                             tab_inactive="#565b65"
                             tab_back="#4b5058ff"
                             tab_outline="#2d2d32">
            <panelcolors>
              <ThemePanelColors header="#00000019"
                                back="#72727280"
                                show_header="FALSE"
                                show_back="FALSE">
              </ThemePanelColors>
            </panelcolors>
          </ThemeSpaceGeneric>
        </space>
        <space_list>
          <ThemeSpaceListGeneric list="#1d2329"
                                 list_title="#2b3742"
                                 list_text="#c5c5c5"
                                 list_text_hi="#ffffff">
          </ThemeSpaceListGeneric>
        </space_list>
      </ThemeDopeSheet>
    </dopesheet_editor>
    <image_editor>
      <ThemeImageEditor gp_vertex="#000000"
                        gp_vertex_select="#ff8500"
                        gp_vertex_size="3"
                        vertex="#32adec"
                        vertex_select="#be6925"
                        vertex_size="3"
                        vertex_unreferenced="#000000"
                        face="#a47c5b0a"
                        face_select="#a47c5b3c"
                        face_dot="#ffffff"
                        facedot_size="3"
                        freestyle_face_mark="#00000000"
                        editmesh_active="#ffffff80"
                        wire_edit="#c0c0c0"
                        edge_select="#ff8500"
                        scope_back="#303030ff"
                        preview_stitch_face="#1242b026"
                        preview_stitch_edge="#ff8500b2"
                        preview_stitch_vert="#ff85007f"
                        preview_stitch_stitchable="#00ff00ff"
                        preview_stitch_unstitchable="#ff0000ff"
                        preview_stitch_active="#e1d2c323"
                        uv_shadow="#707070ff"
                        uv_others="#606060ff"
                        frame_current="#60c040"
                        metadatabg="#000000"
                        metadatatext="#ffffff"
                        handle_free="#000000"
                        handle_auto="#909000"
                        handle_align="#803060"
                        handle_sel_free="#000000"
                        handle_sel_auto="#f0ff40"
                        handle_sel_align="#f090a0"
                        handle_auto_clamped="#000000"
                        handle_sel_auto_clamped="#000000"
                        handle_vertex="#000000"
                        handle_vertex_select="#ffff00"
                        handle_vertex_size="5"
                        paint_curve_handle="#7fff7f7f"
                        paint_curve_pivot="#ff7f7f7f">
        <space>
          <ThemeSpaceGeneric back="#1d2329"
                             title="#7f7f7f"
                             text="#999999"
                             text_hi="#ffffff"
                             header="#202b36"
                             header_text="#000000"
                             header_text_hi="#ffffff"
                             button="#1d2329cc"
                             button_title="#8b8b8b"
                             button_text="#cccccc"
                             button_text_hi="#ffffff"
                             tab_active="#223950"
                             tab_inactive="#1d2329"
                             tab_back="#1d2329ff"
                             tab_outline="#273e55">
            <panelcolors>
              <ThemePanelColors header="#00000019"
                                back="#72727280"
                                show_header="FALSE"
                                show_back="FALSE">
              </ThemePanelColors>
            </panelcolors>
          </ThemeSpaceGeneric>
        </space>
      </ThemeImageEditor>
    </image_editor>
    <sequence_editor>
      <ThemeSequenceEditor gp_vertex="#000000"
                           gp_vertex_select="#ff8500"
                           gp_vertex_size="3"
                           grid="#636363"
                           window_sliders="#a0a0a0"
                           movie_strip="#516987"
                           movieclip_strip="#20208f"
                           image_strip="#6d5881"
                           scene_strip="#4e983e"
                           audio_strip="#2e8f8f"
                           effect_strip="#a9547c"
                           transition_strip="#a25f6f"
                           meta_strip="#6d9183"
                           text_strip="#a29700"
                           frame_current="#60c040"
                           keyframe="#ff8500"
                           draw_action="#50c8ff"
                           preview_back="#000000"
                           metadatabg="#000000"
                           metadatatext="#ffffff">
        <space>
          <ThemeSpaceGeneric back="#1d2329"
                             title="#8b8b8b"
                             text="#ffffff"
                             text_hi="#ffffff"
                             header="#202b36"
                             header_text="#000000"
                             header_text_hi="#ffffff"
                             button="#1d2329cc"
                             button_title="#afafaf"
                             button_text="#b3b3b3"
                             button_text_hi="#ffffff"
                             tab_active="#6c717f"
                             tab_inactive="#565b65"
                             tab_back="#4b5058ff"
                             tab_outline="#2d2d32">
            <panelcolors>
              <ThemePanelColors header="#00000019"
                                back="#72727280"
                                show_header="FALSE"
                                show_back="FALSE">
              </ThemePanelColors>
            </panelcolors>
          </ThemeSpaceGeneric>
        </space>
      </ThemeSequenceEditor>
    </sequence_editor>
    <properties>
      <ThemeProperties>
        <space>
          <ThemeSpaceGeneric back="#1d2329"
                             title="#979797"
                             text="#b8b8b8"
                             text_hi="#ffffff"
                             header="#202b36"
                             header_text="#000000"
                             header_text_hi="#ffffff"
                             button="#1d2329ff"
                             button_title="#b8b8b8"
                             button_text="#b8b8b8"
                             button_text_hi="#ffffff"
                             tab_active="#464646"
                             tab_inactive="#393939"
                             tab_back="#404040ff"
                             tab_outline="#323232">
            <panelcolors>
              <ThemePanelColors header="#0000002a"
                                back="#35353580"
                                show_header="FALSE"
                                show_back="FALSE">
              </ThemePanelColors>
            </panelcolors>
          </ThemeSpaceGeneric>
        </space>
      </ThemeProperties>
    </properties>
    <text_editor>
      <ThemeTextEditor line_numbers_background="#2e2e2e"
                       selected_text="#4e4e8f"
                       cursor="#8b8bff"
                       syntax_builtin="#ed4800"
                       syntax_symbols="#ff8f00"
                       syntax_special="#c080d0"
                       syntax_preprocessor="#32008c"
                       syntax_reserved="#8c3c00"
                       syntax_comment="#cd8b00"
                       syntax_string="#ffcd8b"
                       syntax_numbers="#f0ad6d">
        <space>
          <ThemeSpaceGeneric back="#1d2329"
                             title="#8b8b8b"
                             text="#cfbfad"
                             text_hi="#ffffff"
                             header="#202b36"
                             header_text="#a5a5a5"
                             header_text_hi="#ffffff"
                             button="#3b3b3bff"
                             button_title="#8b8b8b"
                             button_text="#8b8b8b"
                             button_text_hi="#ffffff"
                             tab_active="#6c717f"
                             tab_inactive="#565b65"
                             tab_back="#4b5058ff"
                             tab_outline="#2d2d32">
            <panelcolors>
              <ThemePanelColors header="#00000019"
                                back="#72727280"
                                show_header="FALSE"
                                show_back="FALSE">
              </ThemePanelColors>
            </panelcolors>
          </ThemeSpaceGeneric>
        </space>
      </ThemeTextEditor>
    </text_editor>
    <timeline>
      <ThemeTimeline grid="#5a7b8a"
                     frame_current="#338aff"
                     time_keyframe="#ddd700"
                     time_grease_pencil="#b5e61d">
        <space>
          <ThemeSpaceGeneric back="#1d2329"
                             title="#000000"
                             text="#b8b8b8"
                             text_hi="#ffffff"
                             header="#202b36"
                             header_text="#000000"
                             header_text_hi="#ffffff"
                             button="#727272ff"
                             button_title="#000000"
                             button_text="#000000"
                             button_text_hi="#ffffff"
                             tab_active="#464646"
                             tab_inactive="#393939"
                             tab_back="#000000ff"
                             tab_outline="#323232">
            <panelcolors>
              <ThemePanelColors header="#00000019"
                                back="#72727280"
                                show_header="FALSE"
                                show_back="FALSE">
              </ThemePanelColors>
            </panelcolors>
          </ThemeSpaceGeneric>
        </space>
      </ThemeTimeline>
    </timeline>
    <node_editor>
      <ThemeNodeEditor gp_vertex="#000000"
                       gp_vertex_select="#ff8500"
                       gp_vertex_size="3"
                       node_selected="#6797c5"
                       node_active="#1f76b2"
                       wire="#ffffff"
                       wire_inner="#737373"
                       wire_select="#ffffff"
                       selected_text="#38427f"
                       node_backdrop="#253d54a0"
                       converter_node="#10299b"
                       color_node="#2a85b1"
                       group_node="#1e7524"
                       group_socket_node="#dfca35"
                       frame_node="#9a9b9ba0"
                       matte_node="#000000"
                       distor_node="#000000"
                       noodle_curving="5"
                       input_node="#485cbb"
                       output_node="#084edf"
                       filter_node="#395e83"
                       vector_node="#003153"
                       texture_node="#000d4c"
                       shader_node="#1e4e9e"
                       script_node="#15347e"
                       pattern_node="#436eb8"
                       layout_node="#222858">
        <space>
          <ThemeSpaceGeneric back="#1d2329"
                             title="#8b8b8b"
                             text="#dbdbdb"
                             text_hi="#ffffff"
                             header="#202b36"
                             header_text="#000000"
                             header_text_hi="#ffffff"
                             button="#1d232980"
                             button_title="#8b8b8b"
                             button_text="#8b8b8b"
                             button_text_hi="#ffffff"
                             tab_active="#223950"
                             tab_inactive="#1d2329"
                             tab_back="#4b5058ff"
                             tab_outline="#223950">
            <panelcolors>
              <ThemePanelColors header="#00000019"
                                back="#72727280"
                                show_header="FALSE"
                                show_back="FALSE">
              </ThemePanelColors>
            </panelcolors>
          </ThemeSpaceGeneric>
        </space>
        <space_list>
          <ThemeSpaceListGeneric list="#a5a5a5"
                                 list_title="#000000"
                                 list_text="#000000"
                                 list_text_hi="#ffffff">
          </ThemeSpaceListGeneric>
        </space_list>
      </ThemeNodeEditor>
    </node_editor>
    <logic_editor>
      <ThemeLogicEditor>
        <space>
          <ThemeSpaceGeneric back="#1d2329"
                             title="#000000"
                             text="#000000"
                             text_hi="#ffffff"
                             header="#202b36"
                             header_text="#000000"
                             header_text_hi="#ffffff"
                             button="#1d2329ff"
                             button_title="#8b8b8b"
                             button_text="#8b8b8b"
                             button_text_hi="#ffffff"
                             tab_active="#6c717f"
                             tab_inactive="#565b65"
                             tab_back="#4b5058ff"
                             tab_outline="#2d2d32">
            <panelcolors>
              <ThemePanelColors header="#00000019"
                                back="#72727280"
                                show_header="FALSE"
                                show_back="FALSE">
              </ThemePanelColors>
            </panelcolors>
          </ThemeSpaceGeneric>
        </space>
      </ThemeLogicEditor>
    </logic_editor>
    <outliner>
      <ThemeOutliner match="#337f33"
                     selected_highlight="#82878c">
        <space>
          <ThemeSpaceGeneric back="#1d2329"
                             title="#000000"
                             text="#cacaca"
                             text_hi="#ffffff"
                             header="#1f2a35"
                             header_text="#000000"
                             header_text_hi="#ffffff"
                             button="#727272ff"
                             button_title="#000000"
                             button_text="#000000"
                             button_text_hi="#ffffff"
                             tab_active="#464646"
                             tab_inactive="#393939"
                             tab_back="#000000ff"
                             tab_outline="#323232">
            <panelcolors>
              <ThemePanelColors header="#00000019"
                                back="#72727280"
                                show_header="FALSE"
                                show_back="FALSE">
              </ThemePanelColors>
            </panelcolors>
          </ThemeSpaceGeneric>
        </space>
      </ThemeOutliner>
    </outliner>
    <info>
      <ThemeInfo info_selected="#6080ff"
                 info_selected_text="#ffffff"
                 info_error="#dc0000"
                 info_error_text="#000000"
                 info_warning="#dc8060"
                 info_warning_text="#000000"
                 info_info="#00aa00"
                 info_info_text="#000000"
                 info_debug="#c4c4c4"
                 info_debug_text="#000000">
        <space>
          <ThemeSpaceGeneric back="#1d2329"
                             title="#000000"
                             text="#adadad"
                             text_hi="#000000"
                             header="#202b36"
                             header_text="#c2c2c2"
                             header_text_hi="#000000"
                             button="#3b3b3bff"
                             button_title="#000000"
                             button_text="#000000"
                             button_text_hi="#000000"
                             tab_active="#464646"
                             tab_inactive="#393939"
                             tab_back="#000000ff"
                             tab_outline="#323232">
            <panelcolors>
              <ThemePanelColors header="#00000019"
                                back="#72727280"
                                show_header="FALSE"
                                show_back="FALSE">
              </ThemePanelColors>
            </panelcolors>
          </ThemeSpaceGeneric>
        </space>
      </ThemeInfo>
    </info>
    <user_preferences>
      <ThemeUserPreferences>
        <space>
          <ThemeSpaceGeneric back="#1d2329"
                             title="#000000"
                             text="#b8b8b8"
                             text_hi="#ffffff"
                             header="#1f2a35"
                             header_text="#000000"
                             header_text_hi="#ffffff"
                             button="#727272ff"
                             button_title="#000000"
                             button_text="#000000"
                             button_text_hi="#ffffff"
                             tab_active="#464646"
                             tab_inactive="#393939"
                             tab_back="#000000ff"
                             tab_outline="#323232">
            <panelcolors>
              <ThemePanelColors header="#00000019"
                                back="#272727c3"
                                show_header="FALSE"
                                show_back="FALSE">
              </ThemePanelColors>
            </panelcolors>
          </ThemeSpaceGeneric>
        </space>
      </ThemeUserPreferences>
    </user_preferences>
    <console>
      <ThemeConsole line_output="#6080ff"
                    line_input="#ffffff"
                    line_info="#00aa00"
                    line_error="#dc6060"
                    cursor="#dc6060"
                    select="#ffffff30">
        <space>
          <ThemeSpaceGeneric back="#000000"
                             title="#000000"
                             text="#000000"
                             text_hi="#ffffff"
                             header="#15202b"
                             header_text="#000000"
                             header_text_hi="#ffffff"
                             button="#7272727f"
                             button_title="#000000"
                             button_text="#000000"
                             button_text_hi="#ffffff"
                             tab_active="#727272"
                             tab_inactive="#535353"
                             tab_back="#404040ff"
                             tab_outline="#3c3c3c">
            <panelcolors>
              <ThemePanelColors header="#00000002"
                                back="#7272727f"
                                show_header="FALSE"
                                show_back="FALSE">
              </ThemePanelColors>
            </panelcolors>
          </ThemeSpaceGeneric>
        </space>
      </ThemeConsole>
    </console>
    <clip_editor>
      <ThemeClipEditor gp_vertex="#000000"
                       gp_vertex_select="#000000"
                       gp_vertex_size="1"
                       marker_outline="#000000"
                       marker="#7f7f00"
                       active_marker="#ffffff"
                       selected_marker="#ffff00"
                       disabled_marker="#7f0000"
                       locked_marker="#7f7f7f"
                       path_before="#ff0000"
                       path_after="#0000ff"
                       frame_current="#60c040"
                       strips="#0c0a0a"
                       strips_selected="#ff8c00"
                       handle_free="#000000"
                       handle_auto="#909000"
                       handle_align="#803060"
                       handle_sel_free="#000000"
                       handle_sel_auto="#f0ff40"
                       handle_sel_align="#f090a0"
                       handle_auto_clamped="#000000"
                       handle_sel_auto_clamped="#000000"
                       handle_vertex="#000000"
                       handle_vertex_select="#ffff00"
                       handle_vertex_size="5">
        <space>
          <ThemeSpaceGeneric back="#1d2329"
                             title="#000000"
                             text="#000000"
                             text_hi="#ffffff"
                             header="#202b36"
                             header_text="#000000"
                             header_text_hi="#ffffff"
                             button="#1d2329cc"
                             button_title="#999999"
                             button_text="#939393"
                             button_text_hi="#ffffff"
                             tab_active="#6c717f"
                             tab_inactive="#565b65"
                             tab_back="#4b5058ff"
                             tab_outline="#2d2d32">
            <panelcolors>
              <ThemePanelColors header="#00000019"
                                back="#72727280"
                                show_header="FALSE"
                                show_back="FALSE">
              </ThemePanelColors>
            </panelcolors>
          </ThemeSpaceGeneric>
        </space>
        <space_list>
          <ThemeSpaceListGeneric list="#666666"
                                 list_title="#000000"
                                 list_text="#000000"
                                 list_text_hi="#ffffff">
          </ThemeSpaceListGeneric>
        </space_list>
      </ThemeClipEditor>
    </clip_editor>
    <bone_color_sets>
      <ThemeBoneColorSet normal="#9a0000"
                         select="#bd1111"
                         active="#f70a0a"
                         show_colored_constraints="FALSE">
      </ThemeBoneColorSet>
      <ThemeBoneColorSet normal="#f74018"
                         select="#f66913"
                         active="#fa9900"
                         show_colored_constraints="FALSE">
      </ThemeBoneColorSet>
      <ThemeBoneColorSet normal="#1e9109"
                         select="#59b70b"
                         active="#83ef1d"
                         show_colored_constraints="FALSE">
      </ThemeBoneColorSet>
      <ThemeBoneColorSet normal="#0a3694"
                         select="#3667df"
                         active="#5ec1ef"
                         show_colored_constraints="FALSE">
      </ThemeBoneColorSet>
      <ThemeBoneColorSet normal="#a9294e"
                         select="#c1416a"
                         active="#f05d91"
                         show_colored_constraints="FALSE">
      </ThemeBoneColorSet>
      <ThemeBoneColorSet normal="#430c78"
                         select="#543aa3"
                         active="#8764d5"
                         show_colored_constraints="FALSE">
      </ThemeBoneColorSet>
      <ThemeBoneColorSet normal="#24785a"
                         select="#3c9579"
                         active="#6fb6ab"
                         show_colored_constraints="FALSE">
      </ThemeBoneColorSet>
      <ThemeBoneColorSet normal="#4b707c"
                         select="#6a8691"
                         active="#9bc2cd"
                         show_colored_constraints="FALSE">
      </ThemeBoneColorSet>
      <ThemeBoneColorSet normal="#f4c90c"
                         select="#eec236"
                         active="#f3ff00"
                         show_colored_constraints="FALSE">
      </ThemeBoneColorSet>
      <ThemeBoneColorSet normal="#1e2024"
                         select="#484c56"
                         active="#ffffff"
                         show_colored_constraints="FALSE">
      </ThemeBoneColorSet>
      <ThemeBoneColorSet normal="#6f2f6a"
                         select="#9845be"
                         active="#d330d6"
                         show_colored_constraints="FALSE">
      </ThemeBoneColorSet>
      <ThemeBoneColorSet normal="#6c8e22"
                         select="#7fb022"
                         active="#bbef5b"
                         show_colored_constraints="FALSE">
      </ThemeBoneColorSet>
      <ThemeBoneColorSet normal="#8d8d8d"
                         select="#b0b0b0"
                         active="#dedede"
                         show_colored_constraints="FALSE">
      </ThemeBoneColorSet>
      <ThemeBoneColorSet normal="#834326"
                         select="#8b5811"
                         active="#bd6a11"
                         show_colored_constraints="FALSE">
      </ThemeBoneColorSet>
      <ThemeBoneColorSet normal="#08310e"
                         select="#1c430b"
                         active="#34622b"
                         show_colored_constraints="FALSE">
      </ThemeBoneColorSet>
      <ThemeBoneColorSet normal="#000000"
                         select="#000000"
                         active="#000000"
                         show_colored_constraints="FALSE">
      </ThemeBoneColorSet>
      <ThemeBoneColorSet normal="#000000"
                         select="#000000"
                         active="#000000"
                         show_colored_constraints="FALSE">
      </ThemeBoneColorSet>
      <ThemeBoneColorSet normal="#000000"
                         select="#000000"
                         active="#000000"
                         show_colored_constraints="FALSE">
      </ThemeBoneColorSet>
      <ThemeBoneColorSet normal="#000000"
                         select="#000000"
                         active="#000000"
                         show_colored_constraints="FALSE">
      </ThemeBoneColorSet>
      <ThemeBoneColorSet normal="#000000"
                         select="#000000"
                         active="#000000"
                         show_colored_constraints="FALSE">
      </ThemeBoneColorSet>
    </bone_color_sets>
  </Theme>
  <ThemeStyle>
    <panel_title>
      <ThemeFontStyle points="12"
                      font_kerning_style="FITTED"
                      shadow="1"
                      shadow_offset_x="0"
                      shadow_offset_y="-1"
                      shadow_alpha="0.15"
                      shadow_value="1">
      </ThemeFontStyle>
    </panel_title>
    <widget_label>
      <ThemeFontStyle points="11"
                      font_kerning_style="FITTED"
                      shadow="3"
                      shadow_offset_x="0"
                      shadow_offset_y="-1"
                      shadow_alpha="0.15"
                      shadow_value="1">
      </ThemeFontStyle>
    </widget_label>
    <widget>
      <ThemeFontStyle points="11"
                      font_kerning_style="FITTED"
                      shadow="0"
                      shadow_offset_x="0"
                      shadow_offset_y="0"
                      shadow_alpha="0.25"
                      shadow_value="0">
      </ThemeFontStyle>
    </widget>
  </ThemeStyle>
</bpy>
