<bpy>
  <Theme>
    <user_interface>
      <ThemeUserInterface menu_shadow_fac="0.3"
                          menu_shadow_width="6"
                          icon_file=""
                          icon_alpha="1"
                          widget_emboss="#00000009"
                          axis_x="#e10000"
                          axis_y="#00de00"
                          axis_z="#0000e8">
        <wcol_regular>
          <ThemeWidgetColors outline="#3f3f3f"
                             inner="#4e4e4eff"
                             inner_sel="#b63e4fff"
                             item="#191919ff"
                             text="#cccccc"
                             text_sel="#ffffff"
                             show_shaded="TRUE"
                             shadetop="5"
                             shadedown="0">
          </ThemeWidgetColors>
        </wcol_regular>
        <wcol_tool>
          <ThemeWidgetColors outline="#303030"
                             inner="#414141ff"
                             inner_sel="#b63e4fff"
                             item="#191919ff"
                             text="#cccccc"
                             text_sel="#ffffff"
                             show_shaded="TRUE"
                             shadetop="5"
                             shadedown="0">
          </ThemeWidgetColors>
        </wcol_tool>
        <wcol_radio>
          <ThemeWidgetColors outline="#303030"
                             inner="#414141ff"
                             inner_sel="#b63e4fff"
                             item="#ffffffff"
                             text="#b8b8b8"
                             text_sel="#ffffff"
                             show_shaded="TRUE"
                             shadetop="5"
                             shadedown="0">
          </ThemeWidgetColors>
        </wcol_radio>
        <wcol_text>
          <ThemeWidgetColors outline="#303030"
                             inner="#333333ff"
                             inner_sel="#1a1a1aff"
                             item="#b63e4fff"
                             text="#e6e6e6"
                             text_sel="#ffffff"
                             show_shaded="TRUE"
                             shadetop="-8"
                             shadedown="0">
          </ThemeWidgetColors>
        </wcol_text>
        <wcol_option>
          <ThemeWidgetColors outline="#616161"
                             inner="#3c3c3cff"
                             inner_sel="#c4263cff"
                             item="#ffffffff"
                             text="#b8b8b8"
                             text_sel="#ffffff"
                             show_shaded="FALSE"
                             shadetop="5"
                             shadedown="0">
          </ThemeWidgetColors>
        </wcol_option>
        <wcol_toggle>
          <ThemeWidgetColors outline="#303030"
                             inner="#555555ff"
                             inner_sel="#79404bff"
                             item="#191919ff"
                             text="#b8b8b8"
                             text_sel="#ffffff"
                             show_shaded="FALSE"
                             shadetop="5"
                             shadedown="0">
          </ThemeWidgetColors>
        </wcol_toggle>
        <wcol_num>
          <ThemeWidgetColors outline="#353535"
                             inner="#414141ff"
                             inner_sel="#999999ff"
                             item="#7a7a7aff"
                             text="#c3c3c3"
                             text_sel="#ffffff"
                             show_shaded="TRUE"
                             shadetop="3"
                             shadedown="0">
          </ThemeWidgetColors>
        </wcol_num>
        <wcol_numslider>
          <ThemeWidgetColors outline="#4b4b4b"
                             inner="#303030ff"
                             inner_sel="#b63e4fff"
                             item="#222222ff"
                             text="#c3c3c3"
                             text_sel="#ffffff"
                             show_shaded="FALSE"
                             shadetop="-10"
                             shadedown="0">
          </ThemeWidgetColors>
        </wcol_numslider>
        <wcol_box>
          <ThemeWidgetColors outline="#2a2a2a"
                             inner="#292929ff"
                             inner_sel="#1a1a1aff"
                             item="#191919ff"
                             text="#c3c3c3"
                             text_sel="#ffffff"
                             show_shaded="TRUE"
                             shadetop="-2"
                             shadedown="0">
          </ThemeWidgetColors>
        </wcol_box>
        <wcol_menu>
          <ThemeWidgetColors outline="#2f2f2f"
                             inner="#2f2f2fff"
                             inner_sel="#141414ff"
                             item="#7a7a7aff"
                             text="#b8b8b8"
                             text_sel="#535353"
                             show_shaded="TRUE"
                             shadetop="5"
                             shadedown="0">
          </ThemeWidgetColors>
        </wcol_menu>
        <wcol_pulldown>
          <ThemeWidgetColors outline="#000000"
                             inner="#3f3f3fff"
                             inner_sel="#ff374aff"
                             item="#ffffffff"
                             text="#b8b8b8"
                             text_sel="#ffffff"
                             show_shaded="TRUE"
                             shadetop="25"
                             shadedown="0">
          </ThemeWidgetColors>
        </wcol_pulldown>
        <wcol_menu_back>
          <ThemeWidgetColors outline="#494949"
                             inner="#282828e6"
                             inner_sel="#2d2d2dff"
                             item="#2c2c2cff"
                             text="#808080"
                             text_sel="#ffffff"
                             show_shaded="FALSE"
                             shadetop="6"
                             shadedown="-5">
          </ThemeWidgetColors>
        </wcol_menu_back>
        <wcol_pie_menu>
          <ThemeWidgetColors outline="#0a0a0a"
                             inner="#191919e6"
                             inner_sel="#8c8c8cff"
                             item="#2d2d2de6"
                             text="#a0a0a0"
                             text_sel="#ffffff"
                             show_shaded="TRUE"
                             shadetop="10"
                             shadedown="-10">
          </ThemeWidgetColors>
        </wcol_pie_menu>
        <wcol_tooltip>
          <ThemeWidgetColors outline="#1a1a1a"
                             inner="#000000e6"
                             inner_sel="#191919e0"
                             item="#646464ff"
                             text="#ffffff"
                             text_sel="#ffffff"
                             show_shaded="FALSE"
                             shadetop="100"
                             shadedown="0">
          </ThemeWidgetColors>
        </wcol_tooltip>
        <wcol_menu_item>
          <ThemeWidgetColors outline="#000000"
                             inner="#00000000"
                             inner_sel="#b63e4fff"
                             item="#ffffffff"
                             text="#e6e6e6"
                             text_sel="#ffffff"
                             show_shaded="FALSE"
                             shadetop="19"
                             shadedown="0">
          </ThemeWidgetColors>
        </wcol_menu_item>
        <wcol_scroll>
          <ThemeWidgetColors outline="#333333"
                             inner="#6c707200"
                             inner_sel="#6464644d"
                             item="#414141ff"
                             text="#000000"
                             text_sel="#ffffff"
                             show_shaded="FALSE"
                             shadetop="0"
                             shadedown="0">
          </ThemeWidgetColors>
        </wcol_scroll>
        <wcol_progress>
          <ThemeWidgetColors outline="#000000"
                             inner="#bebebeff"
                             inner_sel="#646464b4"
                             item="#444444ff"
                             text="#b3b3b3"
                             text_sel="#ffffff"
                             show_shaded="TRUE"
                             shadetop="2"
                             shadedown="0">
          </ThemeWidgetColors>
        </wcol_progress>
        <wcol_list_item>
          <ThemeWidgetColors outline="#000000"
                             inner="#00000000"
                             inner_sel="#e34d62c9"
                             item="#b63e4fff"
                             text="#e0e0e0"
                             text_sel="#ffffff"
                             show_shaded="FALSE"
                             shadetop="0"
                             shadedown="30">
          </ThemeWidgetColors>
        </wcol_list_item>
        <wcol_state>
          <ThemeWidgetStateColors inner_anim="#339900"
                                  inner_anim_sel="#2b8000"
                                  inner_key="#b1a300"
                                  inner_key_sel="#666200"
                                  inner_driven="#b400ff"
                                  inner_driven_sel="#9900e6"
                                  blend="0.5">
          </ThemeWidgetStateColors>
        </wcol_state>
      </ThemeUserInterface>
    </user_interface>
    <view_3d>
      <ThemeView3D grid="#454545"
                   wire="#000000"
                   wire_edit="#999999"
                   gp_vertex="#000000"
                   gp_vertex_select="#ff8500"
                   gp_vertex_size="3"
                   lamp="#828b994d"
                   speaker="#828b99"
                   camera="#828b99"
                   view_overlay="#000000"
                   empty="#828b99"
                   object_selected="#ff374a"
                   object_active="#ffecee"
                   object_grouped="#083008"
                   object_grouped_active="#55bb55"
                   transform="#ffffff"
                   vertex="#657780"
                   vertex_select="#ff374a"
                   vertex_size="3"
                   vertex_unreferenced="#404040"
                   edge_select="#b33641"
                   edge_seam="#db2512"
                   edge_sharp="#00ffff"
                   edge_crease="#cc0099"
                   edge_facesel="#4b4b4b"
                   freestyle_edge_mark="#7fff7f"
                   face="#00000036"
                   face_select="#a45b5b73"
                   face_dot="#b33641"
                   facedot_size="3"
                   freestyle_face_mark="#7fff7f33"
                   nurb_uline="#909000"
                   nurb_vline="#803060"
                   nurb_sel_uline="#f0ff40"
                   nurb_sel_vline="#f090a0"
                   act_spline="#db2512"
                   handle_free="#000000"
                   handle_auto="#909000"
                   handle_vect="#409030"
                   handle_sel_vect="#40c030"
                   handle_align="#803060"
                   handle_sel_free="#000000"
                   handle_sel_auto="#f0ff40"
                   handle_sel_align="#f090a0"
                   lastsel_point="#ffffff"
                   extra_edge_len="#200000"
                   extra_edge_angle="#000000"
                   extra_face_angle="#000080"
                   extra_face_area="#002000"
                   editmesh_active="#ffcccc80"
                   normal="#22dddd"
                   vertex_normal="#2361dd"
                   split_normal="#dd23dd"
                   bone_solid="#c8c8c8"
                   bone_pose="#50c8ff"
                   bone_pose_active="#8cffff"
                   frame_current="#60c040"
                   outline_width="2"
                   bundle_solid="#c8c8c8"
                   camera_path="#000000"
                   skin_root="#000000"
                   clipping_border_3d="#313131ff"
                   text_keyframe="#ddd700"
                   text_grease_pencil="#b5e61d"
                   paint_curve_handle="#7fff7f7f"
                   paint_curve_pivot="#ff7f7f7f">
        <space>
          <ThemeSpaceGradient title="#ffffff"
                              text="#b8b8b8"
                              text_hi="#e9e9e9"
                              header="#3b3b3b"
                              header_text="#b9b9b9"
                              header_text_hi="#ffffff"
                              button="#242424cc"
                              button_title="#979797"
                              button_text="#cccccc"
                              button_text_hi="#ffffff"
                              tab_active="#992e38"
                              tab_inactive="#4e4e4e"
                              tab_back="#333333ff"
                              tab_outline="#191919">
            <gradients>
              <ThemeGradientColors show_grad="TRUE"
                                   gradient="#191919"
                                   high_gradient="#444444">
              </ThemeGradientColors>
            </gradients>
            <panelcolors>
              <ThemePanelColors header="#1a1a1ae6"
                                back="#1a1a1ab3"
                                show_header="TRUE"
                                show_back="TRUE">
              </ThemePanelColors>
            </panelcolors>
          </ThemeSpaceGradient>
        </space>
      </ThemeView3D>
    </view_3d>
    <graph_editor>
      <ThemeGraphEditor grid="#585858"
                        frame_current="#67991f"
                        window_sliders="#969696"
                        channels_region="#707070"
                        dopesheet_channel="#52606e"
                        dopesheet_subchannel="#545d66"
                        channel_group="#4f6549"
                        active_channels_group="#87b17d"
                        vertex="#000000"
                        vertex_select="#ff8500"
                        vertex_size="3"
                        vertex_unreferenced="#000000"
                        handle_free="#000000"
                        handle_auto="#909000"
                        handle_vect="#409030"
                        handle_sel_vect="#40c030"
                        handle_align="#803060"
                        handle_sel_free="#000000"
                        handle_sel_auto="#f0ff40"
                        handle_sel_align="#f090a0"
                        handle_auto_clamped="#994030"
                        handle_sel_auto_clamped="#f0af90"
                        lastsel_point="#ffffff"
                        handle_vertex="#000000"
                        handle_vertex_select="#ff8500"
                        handle_vertex_size="4">
        <space>
          <ThemeSpaceGeneric back="#4b4b4b"
                             title="#ffffff"
                             text="#b8b8b8"
                             text_hi="#e9e9e9"
                             header="#3b3b3b"
                             header_text="#b9b9b9"
                             header_text_hi="#ffffff"
                             button="#1a1a1acc"
                             button_title="#979797"
                             button_text="#979797"
                             button_text_hi="#ffffff"
                             tab_active="#b63e4f"
                             tab_inactive="#4e4e4e"
                             tab_back="#333333ff"
                             tab_outline="#191919">
            <panelcolors>
              <ThemePanelColors header="#1a1a1a99"
                                back="#1a1a1a4d"
                                show_header="TRUE"
                                show_back="TRUE">
              </ThemePanelColors>
            </panelcolors>
          </ThemeSpaceGeneric>
        </space>
        <space_list>
          <ThemeSpaceListGeneric list="#3b3b3b"
                                 list_title="#8b8b8b"
                                 list_text="#8b8b8b"
                                 list_text_hi="#ffffff">
          </ThemeSpaceListGeneric>
        </space_list>
      </ThemeGraphEditor>
    </graph_editor>
    <file_browser>
      <ThemeFileBrowser selected_file="#b63e4f"
                        scrollbar="#a0a0a0"
                        scroll_handle="#7f7070"
                        active_file="#999999"
                        active_file_text="#ffffff">
        <space>
          <ThemeSpaceGeneric back="#333333"
                             title="#ffffff"
                             text="#b8b8b8"
                             text_hi="#e9e9e9"
                             header="#3b3b3b"
                             header_text="#b9b9b9"
                             header_text_hi="#ffffff"
                             button="#1a1a1acc"
                             button_title="#979797"
                             button_text="#979797"
                             button_text_hi="#ffffff"
                             tab_active="#b63e4f"
                             tab_inactive="#4e4e4e"
                             tab_back="#333333ff"
                             tab_outline="#191919">
            <panelcolors>
              <ThemePanelColors header="#1a1a1a99"
                                back="#1a1a1a4d"
                                show_header="TRUE"
                                show_back="TRUE">
              </ThemePanelColors>
            </panelcolors>
          </ThemeSpaceGeneric>
        </space>
        <space_list>
          <ThemeSpaceListGeneric list="#3b3b3b"
                                 list_title="#cccccc"
                                 list_text="#8b8b8b"
                                 list_text_hi="#ffffff">
          </ThemeSpaceListGeneric>
        </space_list>
      </ThemeFileBrowser>
    </file_browser>
    <nla_editor>
      <ThemeNLAEditor grid="#5e5e5e"
                      view_sliders="#969696"
                      active_action="#cc701a66"
                      active_action_unset="#9987614d"
                      strips="#0c0a0a"
                      strips_selected="#ff8c00"
                      transition_strips="#1c2630"
                      transition_strips_selected="#2e75db"
                      meta_strips="#332642"
                      meta_strips_selected="#692196"
                      sound_strips="#2b3d3d"
                      sound_strips_selected="#1f7a7a"
                      tweak="#4df31a"
                      tweak_duplicate="#d90000"
                      keyframe_border="#000000ff"
                      keyframe_border_selected="#000000ff"
                      frame_current="#60c040">
        <space>
          <ThemeSpaceGeneric back="#4b4b4b"
                             title="#ffffff"
                             text="#b8b8b8"
                             text_hi="#e9e9e9"
                             header="#3b3b3b"
                             header_text="#b9b9b9"
                             header_text_hi="#ffffff"
                             button="#1a1a1acc"
                             button_title="#979797"
                             button_text="#979797"
                             button_text_hi="#ffffff"
                             tab_active="#b63e4f"
                             tab_inactive="#4e4e4e"
                             tab_back="#333333ff"
                             tab_outline="#191919">
            <panelcolors>
              <ThemePanelColors header="#1a1a1a99"
                                back="#1a1a1a4d"
                                show_header="TRUE"
                                show_back="TRUE">
              </ThemePanelColors>
            </panelcolors>
          </ThemeSpaceGeneric>
        </space>
        <space_list>
          <ThemeSpaceListGeneric list="#3b3b3b"
                                 list_title="#000000"
                                 list_text="#000000"
                                 list_text_hi="#ffffff">
          </ThemeSpaceListGeneric>
        </space_list>
      </ThemeNLAEditor>
    </nla_editor>
    <dopesheet_editor>
      <ThemeDopeSheet grid="#585858"
                      frame_current="#67991f"
                      value_sliders="#000000"
                      view_sliders="#969696"
                      dopesheet_channel="#52606e"
                      dopesheet_subchannel="#7c8996"
                      channels="#707070"
                      channels_selected="#60c040"
                      channel_group="#4f6549"
                      active_channels_group="#87b17d"
                      long_key="#0c0a0a"
                      long_key_selected="#ff374a"
                      keyframe="#bddae8"
                      keyframe_selected="#ffbe32"
                      keyframe_extreme="#e8b3cc"
                      keyframe_extreme_selected="#f28080"
                      keyframe_breakdown="#b3dbe8"
                      keyframe_breakdown_selected="#54bfed"
                      keyframe_jitter="#ace493"
                      keyframe_jitter_selected="#61c042"
                      keyframe_border="#000000ff"
                      keyframe_border_selected="#000000ff"
                      summary="#00000000">
        <space>
          <ThemeSpaceGeneric back="#4b4b4b"
                             title="#ffffff"
                             text="#b8b8b8"
                             text_hi="#e9e9e9"
                             header="#3b3b3b"
                             header_text="#b9b9b9"
                             header_text_hi="#ffffff"
                             button="#1a1a1acc"
                             button_title="#979797"
                             button_text="#979797"
                             button_text_hi="#ffffff"
                             tab_active="#b63e4f"
                             tab_inactive="#4e4e4e"
                             tab_back="#333333ff"
                             tab_outline="#191919">
            <panelcolors>
              <ThemePanelColors header="#1a1a1a99"
                                back="#1a1a1a4d"
                                show_header="TRUE"
                                show_back="TRUE">
              </ThemePanelColors>
            </panelcolors>
          </ThemeSpaceGeneric>
        </space>
        <space_list>
          <ThemeSpaceListGeneric list="#3b3b3b"
                                 list_title="#000000"
                                 list_text="#000000"
                                 list_text_hi="#ffffff">
          </ThemeSpaceListGeneric>
        </space_list>
      </ThemeDopeSheet>
    </dopesheet_editor>
    <image_editor>
      <ThemeImageEditor gp_vertex="#000000"
                        gp_vertex_select="#ff8500"
                        gp_vertex_size="3"
                        vertex="#32adec"
                        vertex_select="#be6925"
                        vertex_size="3"
                        vertex_unreferenced="#404040"
                        face="#a47c5b0a"
                        face_select="#a47c5b3c"
                        face_dot="#ffffff"
                        facedot_size="3"
                        freestyle_face_mark="#00000000"
                        editmesh_active="#ffffff80"
                        wire_edit="#c0c0c0"
                        edge_select="#ff8500"
                        scope_back="#303030ff"
                        preview_stitch_face="#1242b026"
                        preview_stitch_edge="#ff8500b2"
                        preview_stitch_vert="#ff85007f"
                        preview_stitch_stitchable="#00ff00ff"
                        preview_stitch_unstitchable="#ff0000ff"
                        preview_stitch_active="#e1d2c323"
                        uv_shadow="#707070ff"
                        uv_others="#606060ff"
                        frame_current="#60c040"
                        metadatabg="#000000"
                        metadatatext="#ffffff"
                        handle_free="#000000"
                        handle_auto="#909000"
                        handle_align="#803060"
                        handle_sel_free="#000000"
                        handle_sel_auto="#f0ff40"
                        handle_sel_align="#f090a0"
                        handle_auto_clamped="#000000"
                        handle_sel_auto_clamped="#000000"
                        handle_vertex="#000000"
                        handle_vertex_select="#ffff00"
                        handle_vertex_size="5"
                        paint_curve_handle="#7fff7f7f"
                        paint_curve_pivot="#ff7f7f7f">
        <space>
          <ThemeSpaceGeneric back="#262626"
                             title="#ffffff"
                             text="#b8b8b8"
                             text_hi="#e9e9e9"
                             header="#3b3b3b"
                             header_text="#b9b9b9"
                             header_text_hi="#ffffff"
                             button="#1a1a1acc"
                             button_title="#979797"
                             button_text="#979797"
                             button_text_hi="#ffffff"
                             tab_active="#b63e4f"
                             tab_inactive="#4e4e4e"
                             tab_back="#333333ff"
                             tab_outline="#191919">
            <panelcolors>
              <ThemePanelColors header="#1a1a1a99"
                                back="#1a1a1a4d"
                                show_header="TRUE"
                                show_back="TRUE">
              </ThemePanelColors>
            </panelcolors>
          </ThemeSpaceGeneric>
        </space>
      </ThemeImageEditor>
    </image_editor>
    <sequence_editor>
      <ThemeSequenceEditor gp_vertex="#000000"
                           gp_vertex_select="#ff8500"
                           gp_vertex_size="3"
                           grid="#1a1a1a"
                           window_sliders="#999999"
                           movie_strip="#516987"
                           movieclip_strip="#20208f"
                           image_strip="#6d5881"
                           scene_strip="#68983e"
                           audio_strip="#2e8f8f"
                           effect_strip="#a9547c"
                           transition_strip="#a25f6f"
                           meta_strip="#6d9183"
                           text_strip="#a29700"
                           frame_current="#67991f"
                           keyframe="#ff8500"
                           draw_action="#50c8ff"
                           preview_back="#1a1a1a"
                           metadatabg="#000000"
                           metadatatext="#ffffff">
        <space>
          <ThemeSpaceGeneric back="#3b3b3b"
                             title="#ffffff"
                             text="#b8b8b8"
                             text_hi="#e9e9e9"
                             header="#3b3b3b"
                             header_text="#b9b9b9"
                             header_text_hi="#ffffff"
                             button="#1a1a1acc"
                             button_title="#979797"
                             button_text="#979797"
                             button_text_hi="#ffffff"
                             tab_active="#b63e4f"
                             tab_inactive="#4e4e4e"
                             tab_back="#333333ff"
                             tab_outline="#191919">
            <panelcolors>
              <ThemePanelColors header="#1a1a1a99"
                                back="#1a1a1a4d"
                                show_header="TRUE"
                                show_back="TRUE">
              </ThemePanelColors>
            </panelcolors>
          </ThemeSpaceGeneric>
        </space>
      </ThemeSequenceEditor>
    </sequence_editor>
    <properties>
      <ThemeProperties>
        <space>
          <ThemeSpaceGeneric back="#333333"
                             title="#999999"
                             text="#b3b3b3"
                             text_hi="#e9e9e9"
                             header="#3b3b3b"
                             header_text="#b9b9b9"
                             header_text_hi="#ffffff"
                             button="#000000cc"
                             button_title="#979797"
                             button_text="#979797"
                             button_text_hi="#ffffff"
                             tab_active="#b63e4f"
                             tab_inactive="#4e4e4e"
                             tab_back="#0f0f0f4d"
                             tab_outline="#191919">
            <panelcolors>
              <ThemePanelColors header="#1c1c1cff"
                                back="#0f0f0f4d"
                                show_header="TRUE"
                                show_back="TRUE">
              </ThemePanelColors>
            </panelcolors>
          </ThemeSpaceGeneric>
        </space>
      </ThemeProperties>
    </properties>
    <text_editor>
      <ThemeTextEditor line_numbers_background="#232323"
                       selected_text="#404040"
                       cursor="#c9ff34"
                       syntax_builtin="#ff4870"
                       syntax_symbols="#999999"
                       syntax_special="#d880ff"
                       syntax_preprocessor="#8b7aff"
                       syntax_reserved="#832b3d"
                       syntax_comment="#58c130"
                       syntax_string="#ffdb3f"
                       syntax_numbers="#74c0ff">
        <space>
          <ThemeSpaceGeneric back="#292929"
                             title="#ffffff"
                             text="#b8b8b8"
                             text_hi="#e9e9e9"
                             header="#3b3b3b"
                             header_text="#b9b9b9"
                             header_text_hi="#ffffff"
                             button="#1a1a1acc"
                             button_title="#979797"
                             button_text="#979797"
                             button_text_hi="#ffffff"
                             tab_active="#b63e4f"
                             tab_inactive="#4e4e4e"
                             tab_back="#333333ff"
                             tab_outline="#191919">
            <panelcolors>
              <ThemePanelColors header="#1a1a1a99"
                                back="#1a1a1a4d"
                                show_header="TRUE"
                                show_back="TRUE">
              </ThemePanelColors>
            </panelcolors>
          </ThemeSpaceGeneric>
        </space>
      </ThemeTextEditor>
    </text_editor>
    <timeline>
      <ThemeTimeline grid="#131313"
                     frame_current="#82b300"
                     time_keyframe="#ddd700"
                     time_grease_pencil="#b5e61d">
        <space>
          <ThemeSpaceGeneric back="#2c2c2c"
                             title="#ffffff"
                             text="#000000"
                             text_hi="#e9e9e9"
                             header="#3b3b3b"
                             header_text="#b9b9b9"
                             header_text_hi="#ffffff"
                             button="#1a1a1acc"
                             button_title="#979797"
                             button_text="#979797"
                             button_text_hi="#ffffff"
                             tab_active="#b63e4f"
                             tab_inactive="#4e4e4e"
                             tab_back="#333333ff"
                             tab_outline="#191919">
            <panelcolors>
              <ThemePanelColors header="#1a1a1a99"
                                back="#1a1a1a4d"
                                show_header="TRUE"
                                show_back="TRUE">
              </ThemePanelColors>
            </panelcolors>
          </ThemeSpaceGeneric>
        </space>
      </ThemeTimeline>
    </timeline>
    <node_editor>
      <ThemeNodeEditor gp_vertex="#000000"
                       gp_vertex_select="#ff8500"
                       gp_vertex_size="3"
                       node_selected="#ffffff"
                       node_active="#ffffff"
                       wire="#000000"
                       wire_inner="#737373"
                       wire_select="#ffffff"
                       selected_text="#7f7070"
                       node_backdrop="#9b9b9ba0"
                       converter_node="#575675"
                       color_node="#f2b077"
                       group_node="#1e7524"
                       group_socket_node="#e66c00"
                       frame_node="#9a9b9ba0"
                       matte_node="#977474"
                       distor_node="#749797"
                       noodle_curving="0"
                       input_node="#79bef2"
                       output_node="#79bef2"
                       filter_node="#ff0000"
                       vector_node="#6de8e4"
                       texture_node="#f2b077"
                       shader_node="#e88daa"
                       script_node="#f2b077"
                       pattern_node="#a67c49"
                       layout_node="#000000">
        <space>
          <ThemeSpaceGeneric back="#3b3b3b"
                             title="#ffffff"
                             text="#b8b8b8"
                             text_hi="#e9e9e9"
                             header="#3b3b3b"
                             header_text="#b9b9b9"
                             header_text_hi="#ffffff"
                             button="#1a1a1acc"
                             button_title="#979797"
                             button_text="#979797"
                             button_text_hi="#ffffff"
                             tab_active="#b63e4f"
                             tab_inactive="#4e4e4e"
                             tab_back="#333333ff"
                             tab_outline="#191919">
            <panelcolors>
              <ThemePanelColors header="#1a1a1a99"
                                back="#1a1a1a4d"
                                show_header="TRUE"
                                show_back="TRUE">
              </ThemePanelColors>
            </panelcolors>
          </ThemeSpaceGeneric>
        </space>
        <space_list>
          <ThemeSpaceListGeneric list="#a5a5a5"
                                 list_title="#000000"
                                 list_text="#000000"
                                 list_text_hi="#ffffff">
          </ThemeSpaceListGeneric>
        </space_list>
      </ThemeNodeEditor>
    </node_editor>
    <logic_editor>
      <ThemeLogicEditor>
        <space>
          <ThemeSpaceGeneric back="#3b3b3b"
                             title="#ffffff"
                             text="#b8b8b8"
                             text_hi="#e9e9e9"
                             header="#3b3b3b"
                             header_text="#b9b9b9"
                             header_text_hi="#ffffff"
                             button="#1a1a1acc"
                             button_title="#979797"
                             button_text="#979797"
                             button_text_hi="#ffffff"
                             tab_active="#b63e4f"
                             tab_inactive="#4e4e4e"
                             tab_back="#333333ff"
                             tab_outline="#191919">
            <panelcolors>
              <ThemePanelColors header="#1a1a1a99"
                                back="#1a1a1a4d"
                                show_header="TRUE"
                                show_back="TRUE">
              </ThemePanelColors>
            </panelcolors>
          </ThemeSpaceGeneric>
        </space>
      </ThemeLogicEditor>
    </logic_editor>
    <outliner>
      <ThemeOutliner match="#4d3639"
                     selected_highlight="#993442">
        <space>
          <ThemeSpaceGeneric back="#242424"
                             title="#ffffff"
                             text="#b8b8b8"
                             text_hi="#e9e9e9"
                             header="#3b3b3b"
                             header_text="#b9b9b9"
                             header_text_hi="#ffffff"
                             button="#1a1a1acc"
                             button_title="#979797"
                             button_text="#979797"
                             button_text_hi="#ffffff"
                             tab_active="#b63e4f"
                             tab_inactive="#4e4e4e"
                             tab_back="#333333ff"
                             tab_outline="#191919">
            <panelcolors>
              <ThemePanelColors header="#1a1a1a99"
                                back="#1a1a1a4d"
                                show_header="TRUE"
                                show_back="TRUE">
              </ThemePanelColors>
            </panelcolors>
          </ThemeSpaceGeneric>
        </space>
      </ThemeOutliner>
    </outliner>
    <info>
      <ThemeInfo info_selected="#6080ff"
                 info_selected_text="#ffffff"
                 info_error="#dc0000"
                 info_error_text="#000000"
                 info_warning="#dc8060"
                 info_warning_text="#000000"
                 info_info="#00aa00"
                 info_info_text="#000000"
                 info_debug="#c4c4c4"
                 info_debug_text="#000000">
        <space>
          <ThemeSpaceGeneric back="#5b5b5b"
                             title="#ffffff"
                             text="#b8b8b8"
                             text_hi="#e9e9e9"
                             header="#3b3b3b"
                             header_text="#b9b9b9"
                             header_text_hi="#ffffff"
                             button="#1a1a1acc"
                             button_title="#979797"
                             button_text="#979797"
                             button_text_hi="#ffffff"
                             tab_active="#b63e4f"
                             tab_inactive="#4e4e4e"
                             tab_back="#333333ff"
                             tab_outline="#191919">
            <panelcolors>
              <ThemePanelColors header="#1a1a1a99"
                                back="#1a1a1a4d"
                                show_header="TRUE"
                                show_back="TRUE">
              </ThemePanelColors>
            </panelcolors>
          </ThemeSpaceGeneric>
        </space>
      </ThemeInfo>
    </info>
    <user_preferences>
      <ThemeUserPreferences>
        <space>
          <ThemeSpaceGeneric back="#353535"
                             title="#ffffff"
                             text="#b8b8b8"
                             text_hi="#e9e9e9"
                             header="#3b3b3b"
                             header_text="#b9b9b9"
                             header_text_hi="#ffffff"
                             button="#1a1a1acc"
                             button_title="#979797"
                             button_text="#979797"
                             button_text_hi="#ffffff"
                             tab_active="#b63e4f"
                             tab_inactive="#4e4e4e"
                             tab_back="#333333ff"
                             tab_outline="#191919">
            <panelcolors>
              <ThemePanelColors header="#1a1a1a99"
                                back="#1a1a1a4d"
                                show_header="TRUE"
                                show_back="TRUE">
              </ThemePanelColors>
            </panelcolors>
          </ThemeSpaceGeneric>
        </space>
      </ThemeUserPreferences>
    </user_preferences>
    <console>
      <ThemeConsole line_output="#c799ff"
                    line_input="#ffffff"
                    line_info="#e6006a"
                    line_error="#af2020"
                    cursor="#80ce00"
                    select="#ffffff30">
        <space>
          <ThemeSpaceGeneric back="#202020"
                             title="#ffffff"
                             text="#b8b8b8"
                             text_hi="#e9e9e9"
                             header="#3b3b3b"
                             header_text="#b9b9b9"
                             header_text_hi="#ffffff"
                             button="#1a1a1acc"
                             button_title="#979797"
                             button_text="#979797"
                             button_text_hi="#ffffff"
                             tab_active="#b63e4f"
                             tab_inactive="#4e4e4e"
                             tab_back="#333333ff"
                             tab_outline="#191919">
            <panelcolors>
              <ThemePanelColors header="#1a1a1a99"
                                back="#1a1a1a4d"
                                show_header="TRUE"
                                show_back="TRUE">
              </ThemePanelColors>
            </panelcolors>
          </ThemeSpaceGeneric>
        </space>
      </ThemeConsole>
    </console>
    <clip_editor>
      <ThemeClipEditor gp_vertex="#000000"
                       gp_vertex_select="#000000"
                       gp_vertex_size="1"
                       marker_outline="#000000"
                       marker="#7f7f00"
                       active_marker="#ffffff"
                       selected_marker="#ffff00"
                       disabled_marker="#7f0000"
                       locked_marker="#7f7f7f"
                       path_before="#ff0000"
                       path_after="#0000ff"
                       frame_current="#60c040"
                       strips="#0c0a0a"
                       strips_selected="#ff374a"
                       handle_free="#000000"
                       handle_auto="#909000"
                       handle_align="#803060"
                       handle_sel_free="#000000"
                       handle_sel_auto="#f0ff40"
                       handle_sel_align="#f090a0"
                       handle_auto_clamped="#000000"
                       handle_sel_auto_clamped="#000000"
                       handle_vertex="#000000"
                       handle_vertex_select="#ffff00"
                       handle_vertex_size="4">
        <space>
          <ThemeSpaceGeneric back="#1a1a1a"
                             title="#ffffff"
                             text="#b8b8b8"
                             text_hi="#e9e9e9"
                             header="#3b3b3b"
                             header_text="#b9b9b9"
                             header_text_hi="#ffffff"
                             button="#1a1a1acc"
                             button_title="#979797"
                             button_text="#979797"
                             button_text_hi="#ffffff"
                             tab_active="#b63e4f"
                             tab_inactive="#4e4e4e"
                             tab_back="#333333ff"
                             tab_outline="#191919">
            <panelcolors>
              <ThemePanelColors header="#1a1a1a99"
                                back="#1a1a1a4d"
                                show_header="TRUE"
                                show_back="TRUE">
              </ThemePanelColors>
            </panelcolors>
          </ThemeSpaceGeneric>
        </space>
        <space_list>
          <ThemeSpaceListGeneric list="#666666"
                                 list_title="#000000"
                                 list_text="#000000"
                                 list_text_hi="#ffffff">
          </ThemeSpaceListGeneric>
        </space_list>
      </ThemeClipEditor>
    </clip_editor>
    <bone_color_sets>
      <ThemeBoneColorSet normal="#9a0000"
                         select="#bd1111"
                         active="#f70a0a"
                         show_colored_constraints="FALSE">
      </ThemeBoneColorSet>
      <ThemeBoneColorSet normal="#f74018"
                         select="#f66913"
                         active="#fa9900"
                         show_colored_constraints="FALSE">
      </ThemeBoneColorSet>
      <ThemeBoneColorSet normal="#1e9109"
                         select="#59b70b"
                         active="#83ef1d"
                         show_colored_constraints="FALSE">
      </ThemeBoneColorSet>
      <ThemeBoneColorSet normal="#0a3694"
                         select="#3667df"
                         active="#5ec1ef"
                         show_colored_constraints="FALSE">
      </ThemeBoneColorSet>
      <ThemeBoneColorSet normal="#a9294e"
                         select="#c1416a"
                         active="#f05d91"
                         show_colored_constraints="FALSE">
      </ThemeBoneColorSet>
      <ThemeBoneColorSet normal="#430c78"
                         select="#543aa3"
                         active="#8764d5"
                         show_colored_constraints="FALSE">
      </ThemeBoneColorSet>
      <ThemeBoneColorSet normal="#24785a"
                         select="#3c9579"
                         active="#6fb6ab"
                         show_colored_constraints="FALSE">
      </ThemeBoneColorSet>
      <ThemeBoneColorSet normal="#4b707c"
                         select="#6a8691"
                         active="#9bc2cd"
                         show_colored_constraints="FALSE">
      </ThemeBoneColorSet>
      <ThemeBoneColorSet normal="#f4c90c"
                         select="#eec236"
                         active="#f3ff00"
                         show_colored_constraints="FALSE">
      </ThemeBoneColorSet>
      <ThemeBoneColorSet normal="#1e2024"
                         select="#484c56"
                         active="#ffffff"
                         show_colored_constraints="FALSE">
      </ThemeBoneColorSet>
      <ThemeBoneColorSet normal="#6f2f6a"
                         select="#9845be"
                         active="#d330d6"
                         show_colored_constraints="FALSE">
      </ThemeBoneColorSet>
      <ThemeBoneColorSet normal="#6c8e22"
                         select="#7fb022"
                         active="#bbef5b"
                         show_colored_constraints="FALSE">
      </ThemeBoneColorSet>
      <ThemeBoneColorSet normal="#8d8d8d"
                         select="#b0b0b0"
                         active="#dedede"
                         show_colored_constraints="FALSE">
      </ThemeBoneColorSet>
      <ThemeBoneColorSet normal="#834326"
                         select="#8b5811"
                         active="#bd6a11"
                         show_colored_constraints="FALSE">
      </ThemeBoneColorSet>
      <ThemeBoneColorSet normal="#08310e"
                         select="#1c430b"
                         active="#34622b"
                         show_colored_constraints="FALSE">
      </ThemeBoneColorSet>
      <ThemeBoneColorSet normal="#000000"
                         select="#000000"
                         active="#000000"
                         show_colored_constraints="FALSE">
      </ThemeBoneColorSet>
      <ThemeBoneColorSet normal="#000000"
                         select="#000000"
                         active="#000000"
                         show_colored_constraints="FALSE">
      </ThemeBoneColorSet>
      <ThemeBoneColorSet normal="#000000"
                         select="#000000"
                         active="#000000"
                         show_colored_constraints="FALSE">
      </ThemeBoneColorSet>
      <ThemeBoneColorSet normal="#000000"
                         select="#000000"
                         active="#000000"
                         show_colored_constraints="FALSE">
      </ThemeBoneColorSet>
      <ThemeBoneColorSet normal="#000000"
                         select="#000000"
                         active="#000000"
                         show_colored_constraints="FALSE">
      </ThemeBoneColorSet>
    </bone_color_sets>
  </Theme>
  <ThemeStyle>
    <panel_title>
      <ThemeFontStyle points="12"
                      font_kerning_style="FITTED"
                      shadow="1"
                      shadow_offset_x="0"
                      shadow_offset_y="-1"
                      shadow_alpha="0.15"
                      shadow_value="1">
      </ThemeFontStyle>
    </panel_title>
    <widget_label>
      <ThemeFontStyle points="11"
                      font_kerning_style="FITTED"
                      shadow="3"
                      shadow_offset_x="0"
                      shadow_offset_y="-1"
                      shadow_alpha="0.15"
                      shadow_value="1">
      </ThemeFontStyle>
    </widget_label>
    <widget>
      <ThemeFontStyle points="11"
                      font_kerning_style="FITTED"
                      shadow="0"
                      shadow_offset_x="0"
                      shadow_offset_y="0"
                      shadow_alpha="0.25"
                      shadow_value="0">
      </ThemeFontStyle>
    </widget>
  </ThemeStyle>
</bpy>
