<bpy>
  <Theme>
    <user_interface>
      <ThemeUserInterface menu_shadow_fac="0.5"
                          menu_shadow_width="12"
                          icon_file=""
                          icon_alpha="1"
                          widget_emboss="#ffffff05"
                          axis_x="#dc0000"
                          axis_y="#00dc00"
                          axis_z="#0000dc">
        <wcol_regular>
          <ThemeWidgetColors outline="#2a2a2a"
                             inner="#0a0a0aff"
                             inner_sel="#84b600ff"
                             item="#191919ff"
                             text="#ffffff"
                             text_sel="#ffffff"
                             show_shaded="TRUE"
                             shadetop="-100"
                             shadedown="0">
          </ThemeWidgetColors>
        </wcol_regular>
        <wcol_tool>
          <ThemeWidgetColors outline="#2a2a2a"
                             inner="#79b224ff"
                             inner_sel="#80b200ff"
                             item="#191919ff"
                             text="#ffffff"
                             text_sel="#ffffff"
                             show_shaded="TRUE"
                             shadetop="-100"
                             shadedown="0">
          </ThemeWidgetColors>
        </wcol_tool>
        <wcol_radio>
          <ThemeWidgetColors outline="#2a2a2a"
                             inner="#111111ff"
                             inner_sel="#7eb000ff"
                             item="#191919ff"
                             text="#ffffff"
                             text_sel="#ffffff"
                             show_shaded="TRUE"
                             shadetop="-100"
                             shadedown="0">
          </ThemeWidgetColors>
        </wcol_radio>
        <wcol_text>
          <ThemeWidgetColors outline="#2a2a2a"
                             inner="#111111ff"
                             inner_sel="#7cae00ff"
                             item="#191919ff"
                             text="#e4e4e4"
                             text_sel="#ffffff"
                             show_shaded="TRUE"
                             shadetop="-100"
                             shadedown="0">
          </ThemeWidgetColors>
        </wcol_text>
        <wcol_option>
          <ThemeWidgetColors outline="#2a2a2a"
                             inner="#111111ff"
                             inner_sel="#7aac00ff"
                             item="#ffffffff"
                             text="#c7c7c7"
                             text_sel="#ffffff"
                             show_shaded="TRUE"
                             shadetop="-100"
                             shadedown="0">
          </ThemeWidgetColors>
        </wcol_option>
        <wcol_toggle>
          <ThemeWidgetColors outline="#2a2a2a"
                             inner="#111111ff"
                             inner_sel="#78aa00ff"
                             item="#191919ff"
                             text="#ffffff"
                             text_sel="#ffffff"
                             show_shaded="TRUE"
                             shadetop="-100"
                             shadedown="0">
          </ThemeWidgetColors>
        </wcol_toggle>
        <wcol_num>
          <ThemeWidgetColors outline="#2a2a2a"
                             inner="#111111ff"
                             inner_sel="#76a800ff"
                             item="#2a2a2aff"
                             text="#929292"
                             text_sel="#ffffff"
                             show_shaded="TRUE"
                             shadetop="-100"
                             shadedown="0">
          </ThemeWidgetColors>
        </wcol_num>
        <wcol_numslider>
          <ThemeWidgetColors outline="#2a2a2a"
                             inner="#111111ff"
                             inner_sel="#111111ff"
                             item="#74a600ff"
                             text="#ffffff"
                             text_sel="#ffffff"
                             show_shaded="TRUE"
                             shadetop="-100"
                             shadedown="0">
          </ThemeWidgetColors>
        </wcol_numslider>
        <wcol_box>
          <ThemeWidgetColors outline="#2a2a2a"
                             inner="#111111ff"
                             inner_sel="#72a400ff"
                             item="#191919ff"
                             text="#ffffff"
                             text_sel="#ffffff"
                             show_shaded="TRUE"
                             shadetop="-100"
                             shadedown="0">
          </ThemeWidgetColors>
        </wcol_box>
        <wcol_menu>
          <ThemeWidgetColors outline="#2a2a2a"
                             inner="#111111ff"
                             inner_sel="#70a200ff"
                             item="#2a2a2aff"
                             text="#ffffff"
                             text_sel="#ffffff"
                             show_shaded="TRUE"
                             shadetop="-100"
                             shadedown="0">
          </ThemeWidgetColors>
        </wcol_menu>
        <wcol_pulldown>
          <ThemeWidgetColors outline="#2a2a2a"
                             inner="#111111ff"
                             inner_sel="#6ea000ff"
                             item="#191919ff"
                             text="#ffffff"
                             text_sel="#ffffff"
                             show_shaded="TRUE"
                             shadetop="-100"
                             shadedown="0">
          </ThemeWidgetColors>
        </wcol_pulldown>
        <wcol_menu_back>
          <ThemeWidgetColors outline="#2a2a2a"
                             inner="#111111ff"
                             inner_sel="#6c9e00ff"
                             item="#191919ff"
                             text="#ffffff"
                             text_sel="#ffffff"
                             show_shaded="TRUE"
                             shadetop="-100"
                             shadedown="0">
          </ThemeWidgetColors>
        </wcol_menu_back>
        <wcol_pie_menu>
          <ThemeWidgetColors outline="#0a0a0a"
                             inner="#111111e6"
                             inner_sel="#2a2a2aff"
                             item="#70a200e6"
                             text="#a0a0a0"
                             text_sel="#ffffff"
                             show_shaded="TRUE"
                             shadetop="10"
                             shadedown="-10">
          </ThemeWidgetColors>
        </wcol_pie_menu>
        <wcol_tooltip>
          <ThemeWidgetColors outline="#000000"
                             inner="#191919e6"
                             inner_sel="#2d2d2de6"
                             item="#646464ff"
                             text="#ffffff"
                             text_sel="#ffffff"
                             show_shaded="FALSE"
                             shadetop="25"
                             shadedown="-20">
          </ThemeWidgetColors>
        </wcol_tooltip>
        <wcol_menu_item>
          <ThemeWidgetColors outline="#2a2a2a"
                             inner="#111111ff"
                             inner_sel="#6a9c00ff"
                             item="#191919ff"
                             text="#fdfdfd"
                             text_sel="#ffffff"
                             show_shaded="TRUE"
                             shadetop="-100"
                             shadedown="0">
          </ThemeWidgetColors>
        </wcol_menu_item>
        <wcol_scroll>
          <ThemeWidgetColors outline="#2a2a2a"
                             inner="#171717ff"
                             inner_sel="#689a00ff"
                             item="#689a00ff"
                             text="#fdfdfd"
                             text_sel="#ffffff"
                             show_shaded="TRUE"
                             shadetop="-100"
                             shadedown="0">
          </ThemeWidgetColors>
        </wcol_scroll>
        <wcol_progress>
          <ThemeWidgetColors outline="#2a2a2a"
                             inner="#111111ff"
                             inner_sel="#669800ff"
                             item="#191919ff"
                             text="#fdfdfd"
                             text_sel="#ffffff"
                             show_shaded="TRUE"
                             shadetop="-100"
                             shadedown="0">
          </ThemeWidgetColors>
        </wcol_progress>
        <wcol_list_item>
          <ThemeWidgetColors outline="#2a2a2a"
                             inner="#111111ff"
                             inner_sel="#649600ff"
                             item="#191919ff"
                             text="#fdfdfd"
                             text_sel="#ffffff"
                             show_shaded="TRUE"
                             shadetop="-100"
                             shadedown="0">
          </ThemeWidgetColors>
        </wcol_list_item>
        <wcol_state>
          <ThemeWidgetStateColors inner_anim="#56ff00"
                                  inner_anim_sel="#56ff00"
                                  inner_key="#fff400"
                                  inner_key_sel="#fff400"
                                  inner_driven="#629400"
                                  inner_driven_sel="#609200"
                                  blend="0.1">
          </ThemeWidgetStateColors>
        </wcol_state>
      </ThemeUserInterface>
    </user_interface>
    <view_3d>
      <ThemeView3D grid="#3f3f3f"
                   wire="#888888"
                   wire_edit="#000000"
                   gp_vertex="#000000"
                   gp_vertex_select="#ff8500"
                   gp_vertex_size="3"
                   lamp="#c1d40028"
                   speaker="#535353"
                   camera="#000000"
                   view_overlay="#000000"
                   empty="#000000"
                   object_selected="#3ebe2e"
                   object_active="#97ff22"
                   object_grouped="#083008"
                   object_grouped_active="#55bb55"
                   transform="#ffffff"
                   vertex="#72cfdd"
                   vertex_select="#3cbc2c"
                   vertex_size="3"
                   vertex_unreferenced="#000000"
                   edge_select="#3cbc2c"
                   edge_seam="#db2512"
                   edge_sharp="#ff2020"
                   edge_crease="#cc0099"
                   edge_facesel="#6b6b6b"
                   freestyle_edge_mark="#7fff7f"
                   face="#73828f12"
                   face_select="#3aba2a3c"
                   face_dot="#95fd20"
                   facedot_size="4"
                   freestyle_face_mark="#7fff7f33"
                   nurb_uline="#909000"
                   nurb_vline="#803060"
                   nurb_sel_uline="#f0ff40"
                   nurb_sel_vline="#f090a0"
                   act_spline="#db2512"
                   handle_free="#7f7f7f"
                   handle_auto="#909000"
                   handle_vect="#409030"
                   handle_sel_vect="#40c030"
                   handle_align="#803060"
                   handle_sel_free="#3b3b3b"
                   handle_sel_auto="#f0ff40"
                   handle_sel_align="#f090a0"
                   lastsel_point="#ffffff"
                   extra_edge_len="#ffedf8"
                   extra_edge_angle="#000000"
                   extra_face_angle="#00c900"
                   extra_face_area="#fff000"
                   editmesh_active="#ffffff80"
                   normal="#22dddd"
                   vertex_normal="#2361dd"
                   split_normal="#dd23dd"
                   bone_solid="#c8c8c8"
                   bone_pose="#50c8ff"
                   bone_pose_active="#8cffff"
                   frame_current="#60c040"
                   outline_width="1"
                   bundle_solid="#c8c8c8"
                   camera_path="#5a5a5a"
                   skin_root="#000000"
                   clipping_border_3d="#313131ff"
                   text_keyframe="#ddd700"
                   text_grease_pencil="#b5e61d"
                   paint_curve_handle="#7fff7f7f"
                   paint_curve_pivot="#ff7f7f7f">
        <space>
          <ThemeSpaceGradient title="#5d5d5d"
                              text="#7d7d7d"
                              text_hi="#ffffff"
                              header="#000000"
                              header_text="#979797"
                              header_text_hi="#ffffff"
                              button="#00000057"
                              button_title="#c5c5c5"
                              button_text="#c3c3c3"
                              button_text_hi="#ffffff"
                              tab_active="#356c1a"
                              tab_inactive="#0a0a0a"
                              tab_back="#000000ff"
                              tab_outline="#2a2a2a">
            <gradients>
              <ThemeGradientColors show_grad="FALSE"
                                   gradient="#000000"
                                   high_gradient="#393939">
              </ThemeGradientColors>
            </gradients>
            <panelcolors>
              <ThemePanelColors header="#000000ff"
                                back="#72727280"
                                show_header="FALSE"
                                show_back="FALSE">
              </ThemePanelColors>
            </panelcolors>
          </ThemeSpaceGradient>
        </space>
      </ThemeView3D>
    </view_3d>
    <graph_editor>
      <ThemeGraphEditor grid="#262626"
                        frame_current="#336622"
                        window_sliders="#969696"
                        channels_region="#6d6d6d"
                        dopesheet_channel="#52606e"
                        dopesheet_subchannel="#7c8996"
                        channel_group="#4f6549"
                        active_channels_group="#87b17d"
                        vertex="#ffffff"
                        vertex_select="#ff8500"
                        vertex_size="3"
                        vertex_unreferenced="#000000"
                        handle_free="#808080"
                        handle_auto="#909000"
                        handle_vect="#409030"
                        handle_sel_vect="#40c030"
                        handle_align="#803060"
                        handle_sel_free="#808080"
                        handle_sel_auto="#f0ff40"
                        handle_sel_align="#f090a0"
                        handle_auto_clamped="#994030"
                        handle_sel_auto_clamped="#f0af90"
                        lastsel_point="#808080"
                        handle_vertex="#808080"
                        handle_vertex_select="#ff8500"
                        handle_vertex_size="3">
        <space>
          <ThemeSpaceGeneric back="#0d0d0d"
                             title="#5d5d5d"
                             text="#ffffff"
                             text_hi="#ffffff"
                             header="#000000"
                             header_text="#979797"
                             header_text_hi="#ffffff"
                             button="#000000ff"
                             button_title="#c5c5c5"
                             button_text="#c3c3c3"
                             button_text_hi="#ffffff"
                             tab_active="#356c1a"
                             tab_inactive="#0a0a0a"
                             tab_back="#000000ff"
                             tab_outline="#2a2a2a">
            <panelcolors>
              <ThemePanelColors header="#000000ff"
                                back="#72727280"
                                show_header="FALSE"
                                show_back="FALSE">
              </ThemePanelColors>
            </panelcolors>
          </ThemeSpaceGeneric>
        </space>
        <space_list>
          <ThemeSpaceListGeneric list="#1a1a1a"
                                 list_title="#000000"
                                 list_text="#bbbbbb"
                                 list_text_hi="#ffffff">
          </ThemeSpaceListGeneric>
        </space_list>
      </ThemeGraphEditor>
    </graph_editor>
    <file_browser>
      <ThemeFileBrowser selected_file="#2f6629"
                        scrollbar="#a0a0a0"
                        scroll_handle="#7f7070"
                        active_file="#b1b1b1"
                        active_file_text="#ffffff">
        <space>
          <ThemeSpaceGeneric back="#000000"
                             title="#5d5d5d"
                             text="#7d7d7d"
                             text_hi="#ffffff"
                             header="#000000"
                             header_text="#979797"
                             header_text_hi="#ffffff"
                             button="#000000ff"
                             button_title="#c5c5c5"
                             button_text="#c3c3c3"
                             button_text_hi="#ffffff"
                             tab_active="#356c1a"
                             tab_inactive="#0a0a0a"
                             tab_back="#000000ff"
                             tab_outline="#2a2a2a">
            <panelcolors>
              <ThemePanelColors header="#000000ff"
                                back="#72727280"
                                show_header="FALSE"
                                show_back="FALSE">
              </ThemePanelColors>
            </panelcolors>
          </ThemeSpaceGeneric>
        </space>
        <space_list>
          <ThemeSpaceListGeneric list="#181818"
                                 list_title="#9e9e9e"
                                 list_text="#5d5d5d"
                                 list_text_hi="#ffffff">
          </ThemeSpaceListGeneric>
        </space_list>
      </ThemeFileBrowser>
    </file_browser>
    <nla_editor>
      <ThemeNLAEditor grid="#5e5e5e"
                      view_sliders="#969696"
                      active_action="#cc701a66"
                      active_action_unset="#9987614d"
                      strips="#0c0a0a"
                      strips_selected="#ff8c00"
                      transition_strips="#1c2630"
                      transition_strips_selected="#2e75db"
                      meta_strips="#332642"
                      meta_strips_selected="#692196"
                      sound_strips="#2b3d3d"
                      sound_strips_selected="#1f7a7a"
                      tweak="#4df31a"
                      tweak_duplicate="#d90000"
                      keyframe_border="#000000ff"
                      keyframe_border_selected="#000000ff"
                      frame_current="#60c040">
        <space>
          <ThemeSpaceGeneric back="#0d0d0d"
                             title="#585858"
                             text="#ffffff"
                             text_hi="#ffffff"
                             header="#000000"
                             header_text="#979797"
                             header_text_hi="#ffffff"
                             button="#000000ff"
                             button_title="#c3c3c3"
                             button_text="#c3c3c3"
                             button_text_hi="#ffffff"
                             tab_active="#356c1a"
                             tab_inactive="#0a0a0a"
                             tab_back="#000000ff"
                             tab_outline="#2a2a2a">
            <panelcolors>
              <ThemePanelColors header="#000000ff"
                                back="#72727280"
                                show_header="FALSE"
                                show_back="FALSE">
              </ThemePanelColors>
            </panelcolors>
          </ThemeSpaceGeneric>
        </space>
        <space_list>
          <ThemeSpaceListGeneric list="#0c0c0c"
                                 list_title="#383838"
                                 list_text="#d8d8d8"
                                 list_text_hi="#ffffff">
          </ThemeSpaceListGeneric>
        </space_list>
      </ThemeNLAEditor>
    </nla_editor>
    <dopesheet_editor>
      <ThemeDopeSheet grid="#212121"
                      frame_current="#2a5c1c"
                      value_sliders="#000000"
                      view_sliders="#969696"
                      dopesheet_channel="#52606e"
                      dopesheet_subchannel="#7c8996"
                      channels="#707070"
                      channels_selected="#60c040"
                      channel_group="#4f6549"
                      active_channels_group="#87b17d"
                      long_key="#0c0a0a"
                      long_key_selected="#ff8c00"
                      keyframe="#bddae8"
                      keyframe_selected="#ffbe32"
                      keyframe_extreme="#e8b3cc"
                      keyframe_extreme_selected="#f28080"
                      keyframe_breakdown="#b3dbe8"
                      keyframe_breakdown_selected="#54bfed"
                      keyframe_jitter="#ace493"
                      keyframe_jitter_selected="#61c042"
                      keyframe_border="#000000ff"
                      keyframe_border_selected="#000000ff"
                      summary="#00000000">
        <space>
          <ThemeSpaceGeneric back="#080808"
                             title="#5d5d5d"
                             text="#ffffff"
                             text_hi="#ffffff"
                             header="#000000"
                             header_text="#979797"
                             header_text_hi="#ffffff"
                             button="#000000ff"
                             button_title="#c5c5c5"
                             button_text="#c3c3c3"
                             button_text_hi="#ffffff"
                             tab_active="#356c1a"
                             tab_inactive="#0a0a0a"
                             tab_back="#000000ff"
                             tab_outline="#2a2a2a">
            <panelcolors>
              <ThemePanelColors header="#000000ff"
                                back="#72727280"
                                show_header="FALSE"
                                show_back="FALSE">
              </ThemePanelColors>
            </panelcolors>
          </ThemeSpaceGeneric>
        </space>
        <space_list>
          <ThemeSpaceListGeneric list="#020202"
                                 list_title="#2c2c2c"
                                 list_text="#ebebeb"
                                 list_text_hi="#ffffff">
          </ThemeSpaceListGeneric>
        </space_list>
      </ThemeDopeSheet>
    </dopesheet_editor>
    <image_editor>
      <ThemeImageEditor gp_vertex="#000000"
                        gp_vertex_select="#ff8500"
                        gp_vertex_size="3"
                        vertex="#0f13bb"
                        vertex_select="#ff8500"
                        vertex_size="3"
                        vertex_unreferenced="#000000"
                        face="#ffffff0a"
                        face_select="#ff85003c"
                        face_dot="#ff8500"
                        facedot_size="3"
                        freestyle_face_mark="#00000000"
                        editmesh_active="#ffffff80"
                        wire_edit="#c0c0c0"
                        edge_select="#ff8500"
                        scope_back="#050505ff"
                        preview_stitch_face="#1242b026"
                        preview_stitch_edge="#ff8500b2"
                        preview_stitch_vert="#ff85007f"
                        preview_stitch_stitchable="#00ff00ff"
                        preview_stitch_unstitchable="#ff0000ff"
                        preview_stitch_active="#e1d2c323"
                        uv_shadow="#707070ff"
                        uv_others="#606060ff"
                        frame_current="#60c040"
                        metadatabg="#000000"
                        metadatatext="#ffffff"
                        handle_free="#000000"
                        handle_auto="#909000"
                        handle_align="#803060"
                        handle_sel_free="#000000"
                        handle_sel_auto="#f0ff40"
                        handle_sel_align="#f090a0"
                        handle_auto_clamped="#000000"
                        handle_sel_auto_clamped="#000000"
                        handle_vertex="#000000"
                        handle_vertex_select="#ffff00"
                        handle_vertex_size="5"
                        paint_curve_handle="#7fff7f7f"
                        paint_curve_pivot="#ff7f7f7f">
        <space>
          <ThemeSpaceGeneric back="#000000"
                             title="#5d5d5d"
                             text="#7d7d7d"
                             text_hi="#ffffff"
                             header="#000000"
                             header_text="#979797"
                             header_text_hi="#ffffff"
                             button="#000000ff"
                             button_title="#c5c5c5"
                             button_text="#c3c3c3"
                             button_text_hi="#ffffff"
                             tab_active="#356c1a"
                             tab_inactive="#0a0a0a"
                             tab_back="#000000ff"
                             tab_outline="#2a2a2a">
            <panelcolors>
              <ThemePanelColors header="#000000ff"
                                back="#72727280"
                                show_header="FALSE"
                                show_back="FALSE">
              </ThemePanelColors>
            </panelcolors>
          </ThemeSpaceGeneric>
        </space>
      </ThemeImageEditor>
    </image_editor>
    <sequence_editor>
      <ThemeSequenceEditor gp_vertex="#000000"
                           gp_vertex_select="#ff8500"
                           gp_vertex_size="3"
                           grid="#282828"
                           window_sliders="#a0a0a0"
                           movie_strip="#516987"
                           movieclip_strip="#20208f"
                           image_strip="#6d5881"
                           scene_strip="#4e983e"
                           audio_strip="#2e8f8f"
                           effect_strip="#a9547c"
                           transition_strip="#a25f6f"
                           meta_strip="#6d9183"
                           text_strip="#a29700"
                           frame_current="#2f5f23"
                           keyframe="#ff8500"
                           draw_action="#50c8ff"
                           preview_back="#000000"
                           metadatabg="#000000"
                           metadatatext="#ffffff">
        <space>
          <ThemeSpaceGeneric back="#202020"
                             title="#5d5d5d"
                             text="#ffffff"
                             text_hi="#ffffff"
                             header="#000000"
                             header_text="#f3f3f3"
                             header_text_hi="#ffffff"
                             button="#02020242"
                             button_title="#bdbdbd"
                             button_text="#dddddd"
                             button_text_hi="#ffffff"
                             tab_active="#356c1a"
                             tab_inactive="#0a0a0a"
                             tab_back="#000000ff"
                             tab_outline="#2a2a2a">
            <panelcolors>
              <ThemePanelColors header="#000000ff"
                                back="#72727280"
                                show_header="FALSE"
                                show_back="FALSE">
              </ThemePanelColors>
            </panelcolors>
          </ThemeSpaceGeneric>
        </space>
      </ThemeSequenceEditor>
    </sequence_editor>
    <properties>
      <ThemeProperties>
        <space>
          <ThemeSpaceGeneric back="#000000"
                             title="#5d5d5d"
                             text="#7d7d7d"
                             text_hi="#ffffff"
                             header="#000000"
                             header_text="#979797"
                             header_text_hi="#ffffff"
                             button="#0e0e0eff"
                             button_title="#c5c5c5"
                             button_text="#c3c3c3"
                             button_text_hi="#ffffff"
                             tab_active="#356c1a"
                             tab_inactive="#0a0a0a"
                             tab_back="#000000ff"
                             tab_outline="#2a2a2a">
            <panelcolors>
              <ThemePanelColors header="#000000ff"
                                back="#72727280"
                                show_header="FALSE"
                                show_back="FALSE">
              </ThemePanelColors>
            </panelcolors>
          </ThemeSpaceGeneric>
        </space>
      </ThemeProperties>
    </properties>
    <text_editor>
      <ThemeTextEditor line_numbers_background="#191919"
                       selected_text="#ffffff"
                       cursor="#ff0000"
                       syntax_builtin="#cf3d99"
                       syntax_symbols="#4c4c4c"
                       syntax_special="#969629"
                       syntax_preprocessor="#32008c"
                       syntax_reserved="#8c3c00"
                       syntax_comment="#249d60"
                       syntax_string="#cc3535"
                       syntax_numbers="#3c68ff">
        <space>
          <ThemeSpaceGeneric back="#050505"
                             title="#9e9e9e"
                             text="#ebebeb"
                             text_hi="#ffffff"
                             header="#000000"
                             header_text="#b9b9b9"
                             header_text_hi="#ffffff"
                             button="#000000ff"
                             button_title="#d8d8d8"
                             button_text="#cccccc"
                             button_text_hi="#ffffff"
                             tab_active="#356c1a"
                             tab_inactive="#0a0a0a"
                             tab_back="#000000ff"
                             tab_outline="#2a2a2a">
            <panelcolors>
              <ThemePanelColors header="#000000ff"
                                back="#72727280"
                                show_header="FALSE"
                                show_back="FALSE">
              </ThemePanelColors>
            </panelcolors>
          </ThemeSpaceGeneric>
        </space>
      </ThemeTextEditor>
    </text_editor>
    <timeline>
      <ThemeTimeline grid="#707070"
                     frame_current="#3fff00"
                     time_keyframe="#ddd700"
                     time_grease_pencil="#b5e61d">
        <space>
          <ThemeSpaceGeneric back="#162c0c"
                             title="#5d5d5d"
                             text="#c7c7c7"
                             text_hi="#ffffff"
                             header="#000000"
                             header_text="#979797"
                             header_text_hi="#ffffff"
                             button="#161616ff"
                             button_title="#c5c5c5"
                             button_text="#c3c3c3"
                             button_text_hi="#ffffff"
                             tab_active="#356c1a"
                             tab_inactive="#0a0a0a"
                             tab_back="#000000ff"
                             tab_outline="#2a2a2a">
            <panelcolors>
              <ThemePanelColors header="#000000ff"
                                back="#72727280"
                                show_header="FALSE"
                                show_back="FALSE">
              </ThemePanelColors>
            </panelcolors>
          </ThemeSpaceGeneric>
        </space>
      </ThemeTimeline>
    </timeline>
    <node_editor>
      <ThemeNodeEditor gp_vertex="#000000"
                       gp_vertex_select="#ff8500"
                       gp_vertex_size="3"
                       node_selected="#ffffff"
                       node_active="#ffffff"
                       wire="#6eafff"
                       wire_inner="#737373"
                       wire_select="#0019ff"
                       selected_text="#7f7070"
                       node_backdrop="#202030bc"
                       converter_node="#113941"
                       color_node="#f2b077"
                       group_node="#091a07"
                       group_socket_node="#dfca35"
                       frame_node="#9a9b9ba0"
                       matte_node="#977474"
                       distor_node="#749797"
                       noodle_curving="5"
                       input_node="#79bef2"
                       output_node="#79bef2"
                       filter_node="#ff0000"
                       vector_node="#6de8e4"
                       texture_node="#f2b077"
                       shader_node="#e88daa"
                       script_node="#f2b077"
                       pattern_node="#a67c49"
                       layout_node="#000000">
        <space>
          <ThemeSpaceGeneric back="#000000"
                             title="#5d5d5d"
                             text="#7d7d7d"
                             text_hi="#ffffff"
                             header="#000000"
                             header_text="#c7c7c7"
                             header_text_hi="#ffffff"
                             button="#0000002f"
                             button_title="#c5c5c5"
                             button_text="#c3c3c3"
                             button_text_hi="#ffffff"
                             tab_active="#356c1a"
                             tab_inactive="#0a0a0a"
                             tab_back="#000000ff"
                             tab_outline="#2a2a2a">
            <panelcolors>
              <ThemePanelColors header="#000000ff"
                                back="#72727280"
                                show_header="FALSE"
                                show_back="FALSE">
              </ThemePanelColors>
            </panelcolors>
          </ThemeSpaceGeneric>
        </space>
        <space_list>
          <ThemeSpaceListGeneric list="#a5a5a5"
                                 list_title="#ffffff"
                                 list_text="#ffffff"
                                 list_text_hi="#b8ffff">
          </ThemeSpaceListGeneric>
        </space_list>
      </ThemeNodeEditor>
    </node_editor>
    <logic_editor>
      <ThemeLogicEditor>
        <space>
          <ThemeSpaceGeneric back="#070707"
                             title="#5d5d5d"
                             text="#7d7d7d"
                             text_hi="#ffffff"
                             header="#000000"
                             header_text="#979797"
                             header_text_hi="#ffffff"
                             button="#000000ff"
                             button_title="#c5c5c5"
                             button_text="#c3c3c3"
                             button_text_hi="#ffffff"
                             tab_active="#356c1a"
                             tab_inactive="#0a0a0a"
                             tab_back="#000000ff"
                             tab_outline="#2a2a2a">
            <panelcolors>
              <ThemePanelColors header="#000000ff"
                                back="#72727280"
                                show_header="FALSE"
                                show_back="FALSE">
              </ThemePanelColors>
            </panelcolors>
          </ThemeSpaceGeneric>
        </space>
      </ThemeLogicEditor>
    </logic_editor>
    <outliner>
      <ThemeOutliner match="#356c1a"
                     selected_highlight="#446e1c">
        <space>
          <ThemeSpaceGeneric back="#070707"
                             title="#9b9b9b"
                             text="#cccccc"
                             text_hi="#ffffff"
                             header="#000000"
                             header_text="#979797"
                             header_text_hi="#ffffff"
                             button="#000000ff"
                             button_title="#c5c5c5"
                             button_text="#c3c3c3"
                             button_text_hi="#ffffff"
                             tab_active="#356c1a"
                             tab_inactive="#0a0a0a"
                             tab_back="#000000ff"
                             tab_outline="#2a2a2a">
            <panelcolors>
              <ThemePanelColors header="#000000ff"
                                back="#72727280"
                                show_header="FALSE"
                                show_back="FALSE">
              </ThemePanelColors>
            </panelcolors>
          </ThemeSpaceGeneric>
        </space>
      </ThemeOutliner>
    </outliner>
    <info>
      <ThemeInfo info_selected="#6080ff"
                 info_selected_text="#ffffff"
                 info_error="#dc0000"
                 info_error_text="#000000"
                 info_warning="#dc8060"
                 info_warning_text="#000000"
                 info_info="#00aa00"
                 info_info_text="#000000"
                 info_debug="#c4c4c4"
                 info_debug_text="#000000">
        <space>
          <ThemeSpaceGeneric back="#000000"
                             title="#5d5d5d"
                             text="#9b9b9b"
                             text_hi="#ffffff"
                             header="#000000"
                             header_text="#adadad"
                             header_text_hi="#ffffff"
                             button="#000000ff"
                             button_title="#c5c5c5"
                             button_text="#c3c3c3"
                             button_text_hi="#ffffff"
                             tab_active="#356c1a"
                             tab_inactive="#0a0a0a"
                             tab_back="#000000ff"
                             tab_outline="#2a2a2a">
            <panelcolors>
              <ThemePanelColors header="#000000ff"
                                back="#72727280"
                                show_header="FALSE"
                                show_back="FALSE">
              </ThemePanelColors>
            </panelcolors>
          </ThemeSpaceGeneric>
        </space>
      </ThemeInfo>
    </info>
    <user_preferences>
      <ThemeUserPreferences>
        <space>
          <ThemeSpaceGeneric back="#000000"
                             title="#5d5d5d"
                             text="#7d7d7d"
                             text_hi="#ffffff"
                             header="#000000"
                             header_text="#979797"
                             header_text_hi="#ffffff"
                             button="#000000ff"
                             button_title="#c5c5c5"
                             button_text="#c3c3c3"
                             button_text_hi="#ffffff"
                             tab_active="#356c1a"
                             tab_inactive="#0a0a0a"
                             tab_back="#000000ff"
                             tab_outline="#2a2a2a">
            <panelcolors>
              <ThemePanelColors header="#000000ff"
                                back="#72727280"
                                show_header="FALSE"
                                show_back="FALSE">
              </ThemePanelColors>
            </panelcolors>
          </ThemeSpaceGeneric>
        </space>
      </ThemeUserPreferences>
    </user_preferences>
    <console>
      <ThemeConsole line_output="#6080ff"
                    line_input="#cecece"
                    line_info="#00aa00"
                    line_error="#dc6060"
                    cursor="#dc6060"
                    select="#ffffff30">
        <space>
          <ThemeSpaceGeneric back="#0f0f0f"
                             title="#5d5d5d"
                             text="#7d7d7d"
                             text_hi="#ffffff"
                             header="#000000"
                             header_text="#979797"
                             header_text_hi="#ffffff"
                             button="#000000ff"
                             button_title="#c5c5c5"
                             button_text="#c3c3c3"
                             button_text_hi="#ffffff"
                             tab_active="#356c1a"
                             tab_inactive="#0a0a0a"
                             tab_back="#000000ff"
                             tab_outline="#2a2a2a">
            <panelcolors>
              <ThemePanelColors header="#000000ff"
                                back="#72727280"
                                show_header="FALSE"
                                show_back="FALSE">
              </ThemePanelColors>
            </panelcolors>
          </ThemeSpaceGeneric>
        </space>
      </ThemeConsole>
    </console>
    <clip_editor>
      <ThemeClipEditor gp_vertex="#000000"
                       gp_vertex_select="#000000"
                       gp_vertex_size="1"
                       marker_outline="#0094af"
                       marker="#7f7f00"
                       active_marker="#ffffff"
                       selected_marker="#ffff00"
                       disabled_marker="#7f0000"
                       locked_marker="#7f7f7f"
                       path_before="#ff0000"
                       path_after="#0000ff"
                       frame_current="#1b501b"
                       strips="#0c0a0a"
                       strips_selected="#ff8c00"
                       handle_free="#000000"
                       handle_auto="#909000"
                       handle_align="#803060"
                       handle_sel_free="#000000"
                       handle_sel_auto="#f0ff40"
                       handle_sel_align="#f090a0"
                       handle_auto_clamped="#000000"
                       handle_sel_auto_clamped="#000000"
                       handle_vertex="#e2e2e2"
                       handle_vertex_select="#ffff00"
                       handle_vertex_size="4">
        <space>
          <ThemeSpaceGeneric back="#0d0d0d"
                             title="#5d5d5d"
                             text="#ffffff"
                             text_hi="#ffffff"
                             header="#000000"
                             header_text="#979797"
                             header_text_hi="#ffffff"
                             button="#070707ff"
                             button_title="#c5c5c5"
                             button_text="#c3c3c3"
                             button_text_hi="#ffffff"
                             tab_active="#356c1a"
                             tab_inactive="#0a0a0a"
                             tab_back="#000000ff"
                             tab_outline="#2a2a2a">
            <panelcolors>
              <ThemePanelColors header="#000000ff"
                                back="#72727280"
                                show_header="FALSE"
                                show_back="FALSE">
              </ThemePanelColors>
            </panelcolors>
          </ThemeSpaceGeneric>
        </space>
        <space_list>
          <ThemeSpaceListGeneric list="#666666"
                                 list_title="#000000"
                                 list_text="#000000"
                                 list_text_hi="#ffffff">
          </ThemeSpaceListGeneric>
        </space_list>
      </ThemeClipEditor>
    </clip_editor>
    <bone_color_sets>
      <ThemeBoneColorSet normal="#9a0000"
                         select="#bd1111"
                         active="#f70a0a"
                         show_colored_constraints="FALSE">
      </ThemeBoneColorSet>
      <ThemeBoneColorSet normal="#f74018"
                         select="#f66913"
                         active="#fa9900"
                         show_colored_constraints="FALSE">
      </ThemeBoneColorSet>
      <ThemeBoneColorSet normal="#1e9109"
                         select="#59b70b"
                         active="#83ef1d"
                         show_colored_constraints="FALSE">
      </ThemeBoneColorSet>
      <ThemeBoneColorSet normal="#0a3694"
                         select="#3667df"
                         active="#5ec1ef"
                         show_colored_constraints="FALSE">
      </ThemeBoneColorSet>
      <ThemeBoneColorSet normal="#a9294e"
                         select="#c1416a"
                         active="#f05d91"
                         show_colored_constraints="FALSE">
      </ThemeBoneColorSet>
      <ThemeBoneColorSet normal="#430c78"
                         select="#543aa3"
                         active="#8764d5"
                         show_colored_constraints="FALSE">
      </ThemeBoneColorSet>
      <ThemeBoneColorSet normal="#24785a"
                         select="#3c9579"
                         active="#6fb6ab"
                         show_colored_constraints="FALSE">
      </ThemeBoneColorSet>
      <ThemeBoneColorSet normal="#4b707c"
                         select="#6a8691"
                         active="#9bc2cd"
                         show_colored_constraints="FALSE">
      </ThemeBoneColorSet>
      <ThemeBoneColorSet normal="#f4c90c"
                         select="#eec236"
                         active="#f3ff00"
                         show_colored_constraints="FALSE">
      </ThemeBoneColorSet>
      <ThemeBoneColorSet normal="#1e2024"
                         select="#484c56"
                         active="#ffffff"
                         show_colored_constraints="FALSE">
      </ThemeBoneColorSet>
      <ThemeBoneColorSet normal="#6f2f6a"
                         select="#9845be"
                         active="#d330d6"
                         show_colored_constraints="FALSE">
      </ThemeBoneColorSet>
      <ThemeBoneColorSet normal="#6c8e22"
                         select="#7fb022"
                         active="#bbef5b"
                         show_colored_constraints="FALSE">
      </ThemeBoneColorSet>
      <ThemeBoneColorSet normal="#8d8d8d"
                         select="#b0b0b0"
                         active="#dedede"
                         show_colored_constraints="FALSE">
      </ThemeBoneColorSet>
      <ThemeBoneColorSet normal="#834326"
                         select="#8b5811"
                         active="#bd6a11"
                         show_colored_constraints="FALSE">
      </ThemeBoneColorSet>
      <ThemeBoneColorSet normal="#08310e"
                         select="#1c430b"
                         active="#34622b"
                         show_colored_constraints="FALSE">
      </ThemeBoneColorSet>
      <ThemeBoneColorSet normal="#000000"
                         select="#000000"
                         active="#000000"
                         show_colored_constraints="FALSE">
      </ThemeBoneColorSet>
      <ThemeBoneColorSet normal="#000000"
                         select="#000000"
                         active="#000000"
                         show_colored_constraints="FALSE">
      </ThemeBoneColorSet>
      <ThemeBoneColorSet normal="#000000"
                         select="#000000"
                         active="#000000"
                         show_colored_constraints="FALSE">
      </ThemeBoneColorSet>
      <ThemeBoneColorSet normal="#000000"
                         select="#000000"
                         active="#000000"
                         show_colored_constraints="FALSE">
      </ThemeBoneColorSet>
      <ThemeBoneColorSet normal="#000000"
                         select="#000000"
                         active="#000000"
                         show_colored_constraints="FALSE">
      </ThemeBoneColorSet>
    </bone_color_sets>
  </Theme>
  <ThemeStyle>
    <panel_title>
      <ThemeFontStyle points="12"
                      font_kerning_style="FITTED"
                      shadow="1"
                      shadow_offset_x="0"
                      shadow_offset_y="-1"
                      shadow_alpha="0.15"
                      shadow_value="1">
      </ThemeFontStyle>
    </panel_title>
    <widget_label>
      <ThemeFontStyle points="11"
                      font_kerning_style="FITTED"
                      shadow="3"
                      shadow_offset_x="0"
                      shadow_offset_y="-1"
                      shadow_alpha="0.15"
                      shadow_value="1">
      </ThemeFontStyle>
    </widget_label>
    <widget>
      <ThemeFontStyle points="11"
                      font_kerning_style="FITTED"
                      shadow="0"
                      shadow_offset_x="0"
                      shadow_offset_y="0"
                      shadow_alpha="0.25"
                      shadow_value="0">
      </ThemeFontStyle>
    </widget>
  </ThemeStyle>
</bpy>
