<bpy>
  <Theme>
    <user_interface>
      <ThemeUserInterface menu_shadow_fac="0.6"
                          menu_shadow_width="14"
                          icon_file=""
                          icon_alpha="0.85"
                          widget_emboss="#ffffff05"
                          axis_x="#dc0000"
                          axis_y="#00dc00"
                          axis_z="#0000dc">
        <wcol_regular>
          <ThemeWidgetColors outline="#b4b4b4"
                             inner="#e9f8ffff"
                             inner_sel="#cffff8ff"
                             item="#191919ff"
                             text="#000000"
                             text_sel="#000000"
                             show_shaded="TRUE"
                             shadetop="15"
                             shadedown="-15">
          </ThemeWidgetColors>
        </wcol_regular>
        <wcol_tool>
          <ThemeWidgetColors outline="#b4b4b4"
                             inner="#e9f8ffff"
                             inner_sel="#cffff8ff"
                             item="#191919ff"
                             text="#000000"
                             text_sel="#000000"
                             show_shaded="TRUE"
                             shadetop="15"
                             shadedown="-15">
          </ThemeWidgetColors>
        </wcol_tool>
        <wcol_radio>
          <ThemeWidgetColors outline="#b4b4b4"
                             inner="#e9f8ffff"
                             inner_sel="#cffff8ff"
                             item="#191919ff"
                             text="#000000"
                             text_sel="#000000"
                             show_shaded="TRUE"
                             shadetop="15"
                             shadedown="-15">
          </ThemeWidgetColors>
        </wcol_radio>
        <wcol_text>
          <ThemeWidgetColors outline="#b4b4b4"
                             inner="#e9f8ffff"
                             inner_sel="#cffff8ff"
                             item="#ffffffff"
                             text="#000000"
                             text_sel="#000000"
                             show_shaded="TRUE"
                             shadetop="15"
                             shadedown="-15">
          </ThemeWidgetColors>
        </wcol_text>
        <wcol_option>
          <ThemeWidgetColors outline="#b4b4b4"
                             inner="#e9f8ffff"
                             inner_sel="#cffff8ff"
                             item="#000000ff"
                             text="#000000"
                             text_sel="#000000"
                             show_shaded="TRUE"
                             shadetop="15"
                             shadedown="-15">
          </ThemeWidgetColors>
        </wcol_option>
        <wcol_toggle>
          <ThemeWidgetColors outline="#b4b4b4"
                             inner="#e9f8ffff"
                             inner_sel="#cffff8ff"
                             item="#d3d3d3ff"
                             text="#000000"
                             text_sel="#000000"
                             show_shaded="TRUE"
                             shadetop="15"
                             shadedown="-15">
          </ThemeWidgetColors>
        </wcol_toggle>
        <wcol_num>
          <ThemeWidgetColors outline="#b4b4b4"
                             inner="#e9f8ffff"
                             inner_sel="#cffff8ff"
                             item="#d6d6d6ff"
                             text="#000000"
                             text_sel="#000000"
                             show_shaded="TRUE"
                             shadetop="15"
                             shadedown="-15">
          </ThemeWidgetColors>
        </wcol_num>
        <wcol_numslider>
          <ThemeWidgetColors outline="#b4b4b4"
                             inner="#e9f8ffff"
                             inner_sel="#cffff8ff"
                             item="#d6d6d6ff"
                             text="#000000"
                             text_sel="#000000"
                             show_shaded="TRUE"
                             shadetop="15"
                             shadedown="-15">
          </ThemeWidgetColors>
        </wcol_numslider>
        <wcol_box>
          <ThemeWidgetColors outline="#b4b4b4"
                             inner="#e9f8ffff"
                             inner_sel="#cffff8ff"
                             item="#d6d6d6ff"
                             text="#000000"
                             text_sel="#000000"
                             show_shaded="TRUE"
                             shadetop="15"
                             shadedown="-15">
          </ThemeWidgetColors>
        </wcol_box>
        <wcol_menu>
          <ThemeWidgetColors outline="#b4b4b4"
                             inner="#e9f8ffff"
                             inner_sel="#84fff5ff"
                             item="#191919ff"
                             text="#000000"
                             text_sel="#000000"
                             show_shaded="TRUE"
                             shadetop="15"
                             shadedown="-15">
          </ThemeWidgetColors>
        </wcol_menu>
        <wcol_pulldown>
          <ThemeWidgetColors outline="#b4b4b4"
                             inner="#e9f8ffff"
                             inner_sel="#84fff5ff"
                             item="#191919ff"
                             text="#000000"
                             text_sel="#000000"
                             show_shaded="TRUE"
                             shadetop="15"
                             shadedown="-15">
          </ThemeWidgetColors>
        </wcol_pulldown>
        <wcol_menu_back>
          <ThemeWidgetColors outline="#b4b4b4"
                             inner="#e9f8ffff"
                             inner_sel="#84fff5ff"
                             item="#191919ff"
                             text="#000000"
                             text_sel="#000000"
                             show_shaded="TRUE"
                             shadetop="15"
                             shadedown="-15">
          </ThemeWidgetColors>
        </wcol_menu_back>
        <wcol_pie_menu>
          <ThemeWidgetColors outline="#b4b4b4"
                             inner="#e9f8ffff"
                             inner_sel="#84fff5ff"
                             item="#eeeeeeff"
                             text="#000000"
                             text_sel="#000000"
                             show_shaded="FALSE"
                             shadetop="15"
                             shadedown="-15">
          </ThemeWidgetColors>
        </wcol_pie_menu>
        <wcol_tooltip>
          <ThemeWidgetColors outline="#b4b4b4"
                             inner="#e9f8ffff"
                             inner_sel="#84fff5ff"
                             item="#191919ff"
                             text="#000000"
                             text_sel="#000000"
                             show_shaded="TRUE"
                             shadetop="15"
                             shadedown="-15">
          </ThemeWidgetColors>
        </wcol_tooltip>
        <wcol_menu_item>
          <ThemeWidgetColors outline="#b4b4b4"
                             inner="#e9f8ffff"
                             inner_sel="#84fff5ff"
                             item="#191919ff"
                             text="#000000"
                             text_sel="#000000"
                             show_shaded="TRUE"
                             shadetop="15"
                             shadedown="-15">
          </ThemeWidgetColors>
        </wcol_menu_item>
        <wcol_scroll>
          <ThemeWidgetColors outline="#b4b4b4"
                             inner="#e9f8ffff"
                             inner_sel="#84fff5ff"
                             item="#dfdfdfff"
                             text="#000000"
                             text_sel="#000000"
                             show_shaded="TRUE"
                             shadetop="15"
                             shadedown="-15">
          </ThemeWidgetColors>
        </wcol_scroll>
        <wcol_progress>
          <ThemeWidgetColors outline="#b4b4b4"
                             inner="#e9f8ffff"
                             inner_sel="#84fff5ff"
                             item="#191919ff"
                             text="#000000"
                             text_sel="#000000"
                             show_shaded="TRUE"
                             shadetop="15"
                             shadedown="-15">
          </ThemeWidgetColors>
        </wcol_progress>
        <wcol_list_item>
          <ThemeWidgetColors outline="#b4b4b4"
                             inner="#e9f8ffff"
                             inner_sel="#84fff5ff"
                             item="#ffffffff"
                             text="#000000"
                             text_sel="#000000"
                             show_shaded="TRUE"
                             shadetop="15"
                             shadedown="-15">
          </ThemeWidgetColors>
        </wcol_list_item>
        <wcol_state>
          <ThemeWidgetStateColors inner_anim="#73be4c"
                                  inner_anim_sel="#5aa633"
                                  inner_key="#f0eb64"
                                  inner_key_sel="#d7d34b"
                                  inner_driven="#b400ff"
                                  inner_driven_sel="#9900e6"
                                  blend="0.5">
          </ThemeWidgetStateColors>
        </wcol_state>
      </ThemeUserInterface>
    </user_interface>
    <view_3d>
      <ThemeView3D grid="#404040"
                   wire="#000000"
                   wire_edit="#000000"
                   gp_vertex="#000000"
                   gp_vertex_select="#ff8500"
                   gp_vertex_size="3"
                   lamp="#00000028"
                   speaker="#000000"
                   camera="#000000"
                   view_overlay="#000000"
                   empty="#000000"
                   object_selected="#204ad1"
                   object_active="#69a8ff"
                   object_grouped="#083008"
                   object_grouped_active="#55bb55"
                   transform="#ffffff"
                   vertex="#000000"
                   vertex_select="#3e8af4"
                   vertex_size="3"
                   vertex_unreferenced="#000000"
                   edge_select="#77afff"
                   edge_seam="#db2512"
                   edge_sharp="#00ffff"
                   edge_crease="#cc0099"
                   edge_facesel="#4b4b4b"
                   freestyle_edge_mark="#7fff7f"
                   face="#00000012"
                   face_select="#72a8f43c"
                   face_dot="#a8efff"
                   facedot_size="4"
                   freestyle_face_mark="#7fff7f33"
                   nurb_uline="#909000"
                   nurb_vline="#803060"
                   nurb_sel_uline="#f0ff40"
                   nurb_sel_vline="#f090a0"
                   act_spline="#db2512"
                   handle_free="#000000"
                   handle_auto="#909000"
                   handle_vect="#409030"
                   handle_sel_vect="#40c030"
                   handle_align="#803060"
                   handle_sel_free="#000000"
                   handle_sel_auto="#f0ff40"
                   handle_sel_align="#f090a0"
                   lastsel_point="#ffffff"
                   extra_edge_len="#200000"
                   extra_edge_angle="#000000"
                   extra_face_angle="#000080"
                   extra_face_area="#002000"
                   editmesh_active="#ffffff80"
                   normal="#22dddd"
                   vertex_normal="#2361dd"
                   split_normal="#dd23dd"
                   bone_solid="#c8c8c8"
                   bone_pose="#50c8ff"
                   bone_pose_active="#8cffff"
                   frame_current="#60c040"
                   outline_width="1"
                   bundle_solid="#c8c8c8"
                   camera_path="#000000"
                   skin_root="#b44d4d"
                   clipping_border_3d="#313131ff"
                   text_keyframe="#ddd700"
                   text_grease_pencil="#b5e61d"
                   paint_curve_handle="#7fff7f7f"
                   paint_curve_pivot="#ff7f7f7f">
        <space>
          <ThemeSpaceGradient title="#000000"
                              text="#000000"
                              text_hi="#808080"
                              header="#ffffff"
                              header_text="#000000"
                              header_text_hi="#ffffff"
                              button="#ffffff80"
                              button_title="#000000"
                              button_text="#000000"
                              button_text_hi="#ffffff"
                              tab_active="#a1cfff"
                              tab_inactive="#ffffff"
                              tab_back="#ffffff80"
                              tab_outline="#c5c5c5">
            <gradients>
              <ThemeGradientColors show_grad="TRUE"
                                   gradient="#d1d1d1"
                                   high_gradient="#ffffff">
              </ThemeGradientColors>
            </gradients>
            <panelcolors>
              <ThemePanelColors header="#00000008"
                                back="#72727280"
                                show_header="TRUE"
                                show_back="FALSE">
              </ThemePanelColors>
            </panelcolors>
          </ThemeSpaceGradient>
        </space>
      </ThemeView3D>
    </view_3d>
    <graph_editor>
      <ThemeGraphEditor grid="#5e5e5e"
                        frame_current="#60c040"
                        window_sliders="#969696"
                        channels_region="#707070"
                        dopesheet_channel="#52606e"
                        dopesheet_subchannel="#7c8996"
                        channel_group="#4f6549"
                        active_channels_group="#87b17d"
                        vertex="#000000"
                        vertex_select="#ff8500"
                        vertex_size="6"
                        vertex_unreferenced="#000000"
                        handle_free="#000000"
                        handle_auto="#909000"
                        handle_vect="#409030"
                        handle_sel_vect="#40c030"
                        handle_align="#803060"
                        handle_sel_free="#000000"
                        handle_sel_auto="#f0ff40"
                        handle_sel_align="#f090a0"
                        handle_auto_clamped="#994030"
                        handle_sel_auto_clamped="#f0af90"
                        lastsel_point="#ffffff"
                        handle_vertex="#000000"
                        handle_vertex_select="#ff8500"
                        handle_vertex_size="5">
        <space>
          <ThemeSpaceGeneric back="#ffffff"
                             title="#000000"
                             text="#000000"
                             text_hi="#ffffff"
                             header="#ffffff"
                             header_text="#000000"
                             header_text_hi="#ffffff"
                             button="#727272ff"
                             button_title="#000000"
                             button_text="#000000"
                             button_text_hi="#ffffff"
                             tab_active="#a1cfff"
                             tab_inactive="#ffffff"
                             tab_back="#ffffff80"
                             tab_outline="#c5c5c5">
            <panelcolors>
              <ThemePanelColors header="#ffffff19"
                                back="#72727280"
                                show_header="FALSE"
                                show_back="FALSE">
              </ThemePanelColors>
            </panelcolors>
          </ThemeSpaceGeneric>
        </space>
        <space_list>
          <ThemeSpaceListGeneric list="#666666"
                                 list_title="#000000"
                                 list_text="#000000"
                                 list_text_hi="#ffffff">
          </ThemeSpaceListGeneric>
        </space_list>
      </ThemeGraphEditor>
    </graph_editor>
    <file_browser>
      <ThemeFileBrowser selected_file="#76acf6"
                        scrollbar="#00ff00"
                        scroll_handle="#ff0000"
                        active_file="#ff0000"
                        active_file_text="#ffffff">
        <space>
          <ThemeSpaceGeneric back="#ffffff"
                             title="#000000"
                             text="#000000"
                             text_hi="#ffffff"
                             header="#ffffff"
                             header_text="#000000"
                             header_text_hi="#ffffff"
                             button="#ffffffff"
                             button_title="#000000"
                             button_text="#000000"
                             button_text_hi="#ffffff"
                             tab_active="#a1cfff"
                             tab_inactive="#ffffff"
                             tab_back="#ffffff80"
                             tab_outline="#c5c5c5">
            <panelcolors>
              <ThemePanelColors header="#f0f0f0ff"
                                back="#ffffffff"
                                show_header="TRUE"
                                show_back="TRUE">
              </ThemePanelColors>
            </panelcolors>
          </ThemeSpaceGeneric>
        </space>
        <space_list>
          <ThemeSpaceListGeneric list="#ffffff"
                                 list_title="#000000"
                                 list_text="#000000"
                                 list_text_hi="#ffffff">
          </ThemeSpaceListGeneric>
        </space_list>
      </ThemeFileBrowser>
    </file_browser>
    <nla_editor>
      <ThemeNLAEditor grid="#5e5e5e"
                      view_sliders="#969696"
                      active_action="#cc701a66"
                      active_action_unset="#9987614d"
                      strips="#0c0a0a"
                      strips_selected="#ff8c00"
                      transition_strips="#1c2630"
                      transition_strips_selected="#2e75db"
                      meta_strips="#332642"
                      meta_strips_selected="#692196"
                      sound_strips="#2b3d3d"
                      sound_strips_selected="#1f7a7a"
                      tweak="#4df31a"
                      tweak_duplicate="#d90000"
                      keyframe_border="#000000ff"
                      keyframe_border_selected="#000000ff"
                      frame_current="#60c040">
        <space>
          <ThemeSpaceGeneric back="#ffffff"
                             title="#000000"
                             text="#000000"
                             text_hi="#ffffff"
                             header="#ffffff"
                             header_text="#000000"
                             header_text_hi="#ffffff"
                             button="#727272ff"
                             button_title="#000000"
                             button_text="#000000"
                             button_text_hi="#ffffff"
                             tab_active="#a1cfff"
                             tab_inactive="#ffffff"
                             tab_back="#ffffff80"
                             tab_outline="#c5c5c5">
            <panelcolors>
              <ThemePanelColors header="#ffffff19"
                                back="#72727280"
                                show_header="FALSE"
                                show_back="FALSE">
              </ThemePanelColors>
            </panelcolors>
          </ThemeSpaceGeneric>
        </space>
        <space_list>
          <ThemeSpaceListGeneric list="#666666"
                                 list_title="#000000"
                                 list_text="#000000"
                                 list_text_hi="#ffffff">
          </ThemeSpaceListGeneric>
        </space_list>
      </ThemeNLAEditor>
    </nla_editor>
    <dopesheet_editor>
      <ThemeDopeSheet grid="#5e5e5e"
                      frame_current="#60c040"
                      value_sliders="#000000"
                      view_sliders="#969696"
                      dopesheet_channel="#52606e"
                      dopesheet_subchannel="#7c8996"
                      channels="#707070"
                      channels_selected="#60c040"
                      channel_group="#4f6549"
                      active_channels_group="#87b17d"
                      long_key="#0c0a0a"
                      long_key_selected="#ff8c00"
                      keyframe="#e8e8e8"
                      keyframe_selected="#ffbe32"
                      keyframe_extreme="#e8b3cc"
                      keyframe_extreme_selected="#f28080"
                      keyframe_breakdown="#b3dbe8"
                      keyframe_breakdown_selected="#54bfed"
                      keyframe_jitter="#94e575"
                      keyframe_jitter_selected="#61c042"
                      keyframe_border="#000000ff"
                      keyframe_border_selected="#000000ff"
                      summary="#cc701a66">
        <space>
          <ThemeSpaceGeneric back="#ffffff"
                             title="#000000"
                             text="#000000"
                             text_hi="#ffffff"
                             header="#ffffff"
                             header_text="#000000"
                             header_text_hi="#ffffff"
                             button="#727272ff"
                             button_title="#000000"
                             button_text="#000000"
                             button_text_hi="#ffffff"
                             tab_active="#a1cfff"
                             tab_inactive="#ffffff"
                             tab_back="#ffffff80"
                             tab_outline="#c5c5c5">
            <panelcolors>
              <ThemePanelColors header="#ffffff19"
                                back="#72727280"
                                show_header="FALSE"
                                show_back="FALSE">
              </ThemePanelColors>
            </panelcolors>
          </ThemeSpaceGeneric>
        </space>
        <space_list>
          <ThemeSpaceListGeneric list="#666666"
                                 list_title="#000000"
                                 list_text="#000000"
                                 list_text_hi="#ffffff">
          </ThemeSpaceListGeneric>
        </space_list>
      </ThemeDopeSheet>
    </dopesheet_editor>
    <image_editor>
      <ThemeImageEditor gp_vertex="#000000"
                        gp_vertex_select="#ff8500"
                        gp_vertex_size="3"
                        vertex="#000000"
                        vertex_select="#ff8500"
                        vertex_size="3"
                        vertex_unreferenced="#000000"
                        face="#ffffff0a"
                        face_select="#ff85003c"
                        face_dot="#ff8500"
                        facedot_size="3"
                        freestyle_face_mark="#00000000"
                        editmesh_active="#ffffff80"
                        wire_edit="#c0c0c0"
                        edge_select="#ff8500"
                        scope_back="#727272ff"
                        preview_stitch_face="#7f7f0033"
                        preview_stitch_edge="#ff00ff33"
                        preview_stitch_vert="#0000ff33"
                        preview_stitch_stitchable="#00ff00ff"
                        preview_stitch_unstitchable="#ff0000ff"
                        preview_stitch_active="#00000000"
                        uv_shadow="#707070ff"
                        uv_others="#606060ff"
                        frame_current="#60c040"
                        metadatabg="#000000"
                        metadatatext="#ffffff"
                        handle_free="#000000"
                        handle_auto="#909000"
                        handle_align="#803060"
                        handle_sel_free="#000000"
                        handle_sel_auto="#f0ff40"
                        handle_sel_align="#f090a0"
                        handle_auto_clamped="#000000"
                        handle_sel_auto_clamped="#000000"
                        handle_vertex="#000000"
                        handle_vertex_select="#ffff00"
                        handle_vertex_size="5"
                        paint_curve_handle="#7fff7f7f"
                        paint_curve_pivot="#ff7f7f7f">
        <space>
          <ThemeSpaceGeneric back="#ffffff"
                             title="#000000"
                             text="#000000"
                             text_hi="#ffffff"
                             header="#ffffff"
                             header_text="#000000"
                             header_text_hi="#ffffff"
                             button="#72727280"
                             button_title="#000000"
                             button_text="#000000"
                             button_text_hi="#ffffff"
                             tab_active="#a1cfff"
                             tab_inactive="#ffffff"
                             tab_back="#ffffff80"
                             tab_outline="#c5c5c5">
            <panelcolors>
              <ThemePanelColors header="#ffffff19"
                                back="#72727280"
                                show_header="FALSE"
                                show_back="FALSE">
              </ThemePanelColors>
            </panelcolors>
          </ThemeSpaceGeneric>
        </space>
      </ThemeImageEditor>
    </image_editor>
    <sequence_editor>
      <ThemeSequenceEditor gp_vertex="#000000"
                           gp_vertex_select="#ff8500"
                           gp_vertex_size="3"
                           grid="#404040"
                           window_sliders="#a0a0a0"
                           movie_strip="#516987"
                           movieclip_strip="#20208f"
                           image_strip="#6d5881"
                           scene_strip="#4e983e"
                           audio_strip="#2e8f8f"
                           effect_strip="#a9547c"
                           transition_strip="#a25f6f"
                           meta_strip="#6d9183"
                           text_strip="#a29700"
                           frame_current="#60c040"
                           keyframe="#ff8500"
                           draw_action="#50c8ff"
                           preview_back="#000000"
                           metadatabg="#000000"
                           metadatatext="#ffffff">
        <space>
          <ThemeSpaceGeneric back="#ffffff"
                             title="#000000"
                             text="#000000"
                             text_hi="#ffffff"
                             header="#ffffff"
                             header_text="#000000"
                             header_text_hi="#ffffff"
                             button="#72727280"
                             button_title="#000000"
                             button_text="#000000"
                             button_text_hi="#ffffff"
                             tab_active="#a1cfff"
                             tab_inactive="#ffffff"
                             tab_back="#ffffff80"
                             tab_outline="#c5c5c5">
            <panelcolors>
              <ThemePanelColors header="#ffffff19"
                                back="#72727280"
                                show_header="FALSE"
                                show_back="FALSE">
              </ThemePanelColors>
            </panelcolors>
          </ThemeSpaceGeneric>
        </space>
      </ThemeSequenceEditor>
    </sequence_editor>
    <properties>
      <ThemeProperties>
        <space>
          <ThemeSpaceGeneric back="#ffffff"
                             title="#000000"
                             text="#000000"
                             text_hi="#000000"
                             header="#ffffff"
                             header_text="#000000"
                             header_text_hi="#ffffff"
                             button="#727272ff"
                             button_title="#000000"
                             button_text="#000000"
                             button_text_hi="#ffffff"
                             tab_active="#a1cfff"
                             tab_inactive="#ffffff"
                             tab_back="#ffffff80"
                             tab_outline="#c5c5c5">
            <panelcolors>
              <ThemePanelColors header="#00000008"
                                back="#72727200"
                                show_header="TRUE"
                                show_back="FALSE">
              </ThemePanelColors>
            </panelcolors>
          </ThemeSpaceGeneric>
        </space>
      </ThemeProperties>
    </properties>
    <text_editor>
      <ThemeTextEditor line_numbers_background="#e9e9e9"
                       selected_text="#7bb1f9"
                       cursor="#7db3f9"
                       syntax_builtin="#800050"
                       syntax_symbols="#4c4c4c"
                       syntax_special="#5f5f00"
                       syntax_preprocessor="#32008c"
                       syntax_reserved="#8c3c00"
                       syntax_comment="#006432"
                       syntax_string="#640000"
                       syntax_numbers="#0000c8">
        <space>
          <ThemeSpaceGeneric back="#ffffff"
                             title="#000000"
                             text="#000000"
                             text_hi="#ffffff"
                             header="#ffffff"
                             header_text="#000000"
                             header_text_hi="#ffffff"
                             button="#ffffffff"
                             button_title="#000000"
                             button_text="#000000"
                             button_text_hi="#ffffff"
                             tab_active="#a1cfff"
                             tab_inactive="#ffffff"
                             tab_back="#ffffff80"
                             tab_outline="#c5c5c5">
            <panelcolors>
              <ThemePanelColors header="#ffffff19"
                                back="#72727280"
                                show_header="FALSE"
                                show_back="FALSE">
              </ThemePanelColors>
            </panelcolors>
          </ThemeSpaceGeneric>
        </space>
      </ThemeTextEditor>
    </text_editor>
    <timeline>
      <ThemeTimeline grid="#cecece"
                     frame_current="#7bb1f9"
                     time_keyframe="#ddd700"
                     time_grease_pencil="#b5e61d">
        <space>
          <ThemeSpaceGeneric back="#ffffff"
                             title="#000000"
                             text="#000000"
                             text_hi="#ffffff"
                             header="#ffffff"
                             header_text="#000000"
                             header_text_hi="#ffffff"
                             button="#ffffffff"
                             button_title="#000000"
                             button_text="#000000"
                             button_text_hi="#ffffff"
                             tab_active="#a1cfff"
                             tab_inactive="#ffffff"
                             tab_back="#ffffff80"
                             tab_outline="#c5c5c5">
            <panelcolors>
              <ThemePanelColors header="#ffffff19"
                                back="#72727280"
                                show_header="FALSE"
                                show_back="FALSE">
              </ThemePanelColors>
            </panelcolors>
          </ThemeSpaceGeneric>
        </space>
      </ThemeTimeline>
    </timeline>
    <node_editor>
      <ThemeNodeEditor gp_vertex="#000000"
                       gp_vertex_select="#ff8500"
                       gp_vertex_size="3"
                       node_selected="#083bd3"
                       node_active="#0a97ff"
                       wire="#d0d0d0"
                       wire_inner="#737373"
                       wire_select="#a1ccfb"
                       selected_text="#7f7070"
                       node_backdrop="#ffffffff"
                       converter_node="#efecf2"
                       color_node="#efecf2"
                       group_node="#cce9dc"
                       group_socket_node="#cce9dc"
                       frame_node="#ffffff25"
                       matte_node="#dba8a8"
                       distor_node="#749797"
                       noodle_curving="5"
                       input_node="#efecf2"
                       output_node="#efecf2"
                       filter_node="#efecf2"
                       vector_node="#efecf2"
                       texture_node="#efecf2"
                       shader_node="#efecf2"
                       script_node="#efecf2"
                       pattern_node="#efecf2"
                       layout_node="#efecf2">
        <space>
          <ThemeSpaceGeneric back="#ffffff"
                             title="#000000"
                             text="#000000"
                             text_hi="#ffffff"
                             header="#ffffff"
                             header_text="#000000"
                             header_text_hi="#ffffff"
                             button="#ffffff80"
                             button_title="#000000"
                             button_text="#000000"
                             button_text_hi="#ffffff"
                             tab_active="#a1cfff"
                             tab_inactive="#ffffff"
                             tab_back="#ffffff80"
                             tab_outline="#c5c5c5">
            <panelcolors>
              <ThemePanelColors header="#00000008"
                                back="#72727280"
                                show_header="TRUE"
                                show_back="FALSE">
              </ThemePanelColors>
            </panelcolors>
          </ThemeSpaceGeneric>
        </space>
        <space_list>
          <ThemeSpaceListGeneric list="#a5a5a5"
                                 list_title="#000000"
                                 list_text="#000000"
                                 list_text_hi="#ffffff">
          </ThemeSpaceListGeneric>
        </space_list>
      </ThemeNodeEditor>
    </node_editor>
    <logic_editor>
      <ThemeLogicEditor>
        <space>
          <ThemeSpaceGeneric back="#ffffff"
                             title="#000000"
                             text="#000000"
                             text_hi="#ffffff"
                             header="#ffffff"
                             header_text="#000000"
                             header_text_hi="#ffffff"
                             button="#727272ff"
                             button_title="#000000"
                             button_text="#000000"
                             button_text_hi="#ffffff"
                             tab_active="#a1cfff"
                             tab_inactive="#ffffff"
                             tab_back="#ffffff80"
                             tab_outline="#c5c5c5">
            <panelcolors>
              <ThemePanelColors header="#ffffff19"
                                back="#72727280"
                                show_header="FALSE"
                                show_back="FALSE">
              </ThemePanelColors>
            </panelcolors>
          </ThemeSpaceGeneric>
        </space>
      </ThemeLogicEditor>
    </logic_editor>
    <outliner>
      <ThemeOutliner match="#337f33"
                     selected_highlight="#f6f6f6">
        <space>
          <ThemeSpaceGeneric back="#ffffff"
                             title="#000000"
                             text="#000000"
                             text_hi="#70a5f3"
                             header="#ffffff"
                             header_text="#000000"
                             header_text_hi="#ffffff"
                             button="#727272ff"
                             button_title="#000000"
                             button_text="#000000"
                             button_text_hi="#ffffff"
                             tab_active="#a1cfff"
                             tab_inactive="#ffffff"
                             tab_back="#ffffff80"
                             tab_outline="#c5c5c5">
            <panelcolors>
              <ThemePanelColors header="#000000ff"
                                back="#72727280"
                                show_header="FALSE"
                                show_back="FALSE">
              </ThemePanelColors>
            </panelcolors>
          </ThemeSpaceGeneric>
        </space>
      </ThemeOutliner>
    </outliner>
    <info>
      <ThemeInfo info_selected="#6080ff"
                 info_selected_text="#ffffff"
                 info_error="#dc0000"
                 info_error_text="#000000"
                 info_warning="#dc8060"
                 info_warning_text="#000000"
                 info_info="#00aa00"
                 info_info_text="#000000"
                 info_debug="#c4c4c4"
                 info_debug_text="#000000">
        <space>
          <ThemeSpaceGeneric back="#ffffff"
                             title="#000000"
                             text="#000000"
                             text_hi="#ffffff"
                             header="#ffffff"
                             header_text="#000000"
                             header_text_hi="#ffffff"
                             button="#727272ff"
                             button_title="#000000"
                             button_text="#000000"
                             button_text_hi="#ffffff"
                             tab_active="#a1cfff"
                             tab_inactive="#ffffff"
                             tab_back="#ffffff80"
                             tab_outline="#c5c5c5">
            <panelcolors>
              <ThemePanelColors header="#ffffff19"
                                back="#72727280"
                                show_header="FALSE"
                                show_back="FALSE">
              </ThemePanelColors>
            </panelcolors>
          </ThemeSpaceGeneric>
        </space>
      </ThemeInfo>
    </info>
    <user_preferences>
      <ThemeUserPreferences>
        <space>
          <ThemeSpaceGeneric back="#ffffff"
                             title="#000000"
                             text="#000000"
                             text_hi="#ffffff"
                             header="#ffffff"
                             header_text="#000000"
                             header_text_hi="#ffffff"
                             button="#727272ff"
                             button_title="#000000"
                             button_text="#000000"
                             button_text_hi="#ffffff"
                             tab_active="#a1cfff"
                             tab_inactive="#ffffff"
                             tab_back="#ffffff80"
                             tab_outline="#c5c5c5">
            <panelcolors>
              <ThemePanelColors header="#ffffff19"
                                back="#72727280"
                                show_header="FALSE"
                                show_back="TRUE">
              </ThemePanelColors>
            </panelcolors>
          </ThemeSpaceGeneric>
        </space>
      </ThemeUserPreferences>
    </user_preferences>
    <console>
      <ThemeConsole line_output="#79aff7"
                    line_input="#ffffff"
                    line_info="#00aa00"
                    line_error="#dc6060"
                    cursor="#79aff7"
                    select="#79aff7a8">
        <space>
          <ThemeSpaceGeneric back="#000000"
                             title="#000000"
                             text="#000000"
                             text_hi="#ffffff"
                             header="#ffffff"
                             header_text="#000000"
                             header_text_hi="#ffffff"
                             button="#727272ff"
                             button_title="#000000"
                             button_text="#000000"
                             button_text_hi="#ffffff"
                             tab_active="#a1cfff"
                             tab_inactive="#ffffff"
                             tab_back="#ffffff80"
                             tab_outline="#c5c5c5">
            <panelcolors>
              <ThemePanelColors header="#ffffff19"
                                back="#72727280"
                                show_header="FALSE"
                                show_back="FALSE">
              </ThemePanelColors>
            </panelcolors>
          </ThemeSpaceGeneric>
        </space>
      </ThemeConsole>
    </console>
    <clip_editor>
      <ThemeClipEditor gp_vertex="#000000"
                       gp_vertex_select="#000000"
                       gp_vertex_size="1"
                       marker_outline="#000000"
                       marker="#7f7f00"
                       active_marker="#ffffff"
                       selected_marker="#ffff00"
                       disabled_marker="#7f0000"
                       locked_marker="#7f7f7f"
                       path_before="#ff0000"
                       path_after="#0000ff"
                       frame_current="#60c040"
                       strips="#0c0a0a"
                       strips_selected="#ff8c00"
                       handle_free="#000000"
                       handle_auto="#909000"
                       handle_align="#803060"
                       handle_sel_free="#000000"
                       handle_sel_auto="#f0ff40"
                       handle_sel_align="#f090a0"
                       handle_auto_clamped="#000000"
                       handle_sel_auto_clamped="#000000"
                       handle_vertex="#000000"
                       handle_vertex_select="#ffff00"
                       handle_vertex_size="5">
        <space>
          <ThemeSpaceGeneric back="#ffffff"
                             title="#000000"
                             text="#000000"
                             text_hi="#ffffff"
                             header="#ffffff"
                             header_text="#000000"
                             header_text_hi="#ffffff"
                             button="#72727280"
                             button_title="#000000"
                             button_text="#000000"
                             button_text_hi="#ffffff"
                             tab_active="#a1cfff"
                             tab_inactive="#ffffff"
                             tab_back="#ffffff80"
                             tab_outline="#c5c5c5">
            <panelcolors>
              <ThemePanelColors header="#ffffff19"
                                back="#72727280"
                                show_header="FALSE"
                                show_back="FALSE">
              </ThemePanelColors>
            </panelcolors>
          </ThemeSpaceGeneric>
        </space>
        <space_list>
          <ThemeSpaceListGeneric list="#666666"
                                 list_title="#000000"
                                 list_text="#000000"
                                 list_text_hi="#ffffff">
          </ThemeSpaceListGeneric>
        </space_list>
      </ThemeClipEditor>
    </clip_editor>
    <bone_color_sets>
      <ThemeBoneColorSet normal="#9a0000"
                         select="#bd1111"
                         active="#f70a0a"
                         show_colored_constraints="FALSE">
      </ThemeBoneColorSet>
      <ThemeBoneColorSet normal="#f74018"
                         select="#f66913"
                         active="#fa9900"
                         show_colored_constraints="FALSE">
      </ThemeBoneColorSet>
      <ThemeBoneColorSet normal="#1e9109"
                         select="#59b70b"
                         active="#83ef1d"
                         show_colored_constraints="FALSE">
      </ThemeBoneColorSet>
      <ThemeBoneColorSet normal="#0a3694"
                         select="#3667df"
                         active="#5ec1ef"
                         show_colored_constraints="FALSE">
      </ThemeBoneColorSet>
      <ThemeBoneColorSet normal="#a9294e"
                         select="#c1416a"
                         active="#f05d91"
                         show_colored_constraints="FALSE">
      </ThemeBoneColorSet>
      <ThemeBoneColorSet normal="#430c78"
                         select="#543aa3"
                         active="#8764d5"
                         show_colored_constraints="FALSE">
      </ThemeBoneColorSet>
      <ThemeBoneColorSet normal="#24785a"
                         select="#3c9579"
                         active="#6fb6ab"
                         show_colored_constraints="FALSE">
      </ThemeBoneColorSet>
      <ThemeBoneColorSet normal="#4b707c"
                         select="#6a8691"
                         active="#9bc2cd"
                         show_colored_constraints="FALSE">
      </ThemeBoneColorSet>
      <ThemeBoneColorSet normal="#f4c90c"
                         select="#eec236"
                         active="#f3ff00"
                         show_colored_constraints="FALSE">
      </ThemeBoneColorSet>
      <ThemeBoneColorSet normal="#1e2024"
                         select="#484c56"
                         active="#ffffff"
                         show_colored_constraints="FALSE">
      </ThemeBoneColorSet>
      <ThemeBoneColorSet normal="#6f2f6a"
                         select="#9845be"
                         active="#d330d6"
                         show_colored_constraints="FALSE">
      </ThemeBoneColorSet>
      <ThemeBoneColorSet normal="#6c8e22"
                         select="#7fb022"
                         active="#bbef5b"
                         show_colored_constraints="FALSE">
      </ThemeBoneColorSet>
      <ThemeBoneColorSet normal="#8d8d8d"
                         select="#b0b0b0"
                         active="#dedede"
                         show_colored_constraints="FALSE">
      </ThemeBoneColorSet>
      <ThemeBoneColorSet normal="#834326"
                         select="#8b5811"
                         active="#bd6a11"
                         show_colored_constraints="FALSE">
      </ThemeBoneColorSet>
      <ThemeBoneColorSet normal="#08310e"
                         select="#1c430b"
                         active="#34622b"
                         show_colored_constraints="FALSE">
      </ThemeBoneColorSet>
      <ThemeBoneColorSet normal="#000000"
                         select="#000000"
                         active="#000000"
                         show_colored_constraints="FALSE">
      </ThemeBoneColorSet>
      <ThemeBoneColorSet normal="#000000"
                         select="#000000"
                         active="#000000"
                         show_colored_constraints="FALSE">
      </ThemeBoneColorSet>
      <ThemeBoneColorSet normal="#000000"
                         select="#000000"
                         active="#000000"
                         show_colored_constraints="FALSE">
      </ThemeBoneColorSet>
      <ThemeBoneColorSet normal="#000000"
                         select="#000000"
                         active="#000000"
                         show_colored_constraints="FALSE">
      </ThemeBoneColorSet>
      <ThemeBoneColorSet normal="#000000"
                         select="#000000"
                         active="#000000"
                         show_colored_constraints="FALSE">
      </ThemeBoneColorSet>
    </bone_color_sets>
  </Theme>
  <ThemeStyle>
    <panel_title>
      <ThemeFontStyle points="12"
                      font_kerning_style="FITTED"
                      shadow="1"
                      shadow_offset_x="0"
                      shadow_offset_y="-1"
                      shadow_alpha="0.15"
                      shadow_value="1">
      </ThemeFontStyle>
    </panel_title>
    <widget_label>
      <ThemeFontStyle points="11"
                      font_kerning_style="FITTED"
                      shadow="3"
                      shadow_offset_x="0"
                      shadow_offset_y="-1"
                      shadow_alpha="0.15"
                      shadow_value="1">
      </ThemeFontStyle>
    </widget_label>
    <widget>
      <ThemeFontStyle points="11"
                      font_kerning_style="FITTED"
                      shadow="0"
                      shadow_offset_x="0"
                      shadow_offset_y="0"
                      shadow_alpha="0.25"
                      shadow_value="0">
      </ThemeFontStyle>
    </widget>
  </ThemeStyle>
</bpy>
